a1,a2,a3,a4,a5,a6,a7,a8,a9,a10,a11,a12,a13,a14,a15,a16,a17,a18,a19,a20
2238.6,2308.3,2346.9,2430.4,2557.1,2651.6,2723.2,2787.4,2843.3,2874.1,2902.4,2957.7,2975.7,3015.9,3059.4,3078.7,3116.1,3157.6,3197.9,3235.3
2375.7,2373.9,2425.2,2525.6,2686.4,2735.5,2790.6,2861.7,2904.1,2934.1,2949.9,2992,2989.7,3028.1,3072.5,3122.9,3164.8,3190.7,3260.7,3309.9
2534.6,2566.9,2600.9,2628.3,2669.9,2741.2,2798.9,2843.1,2865.5,2913.6,2949.2,2989.9,3035.6,3067.8,3103.2,3153.6,3190.8,3219.3,3257.2,3304
2163.3,2177.7,2218.7,2314.5,2430.9,2543.1,2671.3,2710.8,2748.8,2750.9,2803.1,2830.8,2908.5,2955.8,2997.9,3041.4,3066.3,3087.1,3126.5,3181.9
2147.6,2215.8,2271.5,2325.1,2411.6,2482.4,2603.2,2670,2706.7,2739,2754,2759.7,2788.6,2822,2863.3,2900.7,2933.2,2956.2,2987.8,3013.7
2258.1,2297.5,2331.8,2361.9,2437.3,2539.1,2669.9,2770.9,2820.9,2849.7,2857.5,2867.3,2902.8,2930.5,2947.9,2977.3,3003.5,3061.8,3097.1,3128.9
2213.3,2259.1,2331,2398.6,2463.9,2582,2670.2,2693.6,2702.5,2777.3,2836.8,2884.4,2932.4,2967.3,3005.8,3044.3,3064.6,3092.6,3148.3,3187.6
2059.4,2121.4,2219.4,2315.4,2407.7,2465.2,2521.9,2562.8,2594,2636.3,2664.3,2713.2,2760.7,2804,2847,2861.6,2918.5,2955.5,3001.2,3034.8
2309.3,2350.2,2401.5,2474.5,2576.1,2638.6,2713.7,2778.6,2856,2919,2956.5,2976.7,3014.8,3054.9,3090.9,3114.4,3126.9,3177.1,3237.3,3279.2
2267.5,2354.2,2397.2,2426.5,2508.4,2608.2,2684.8,2756.9,2822.6,2859.3,2889,2922.3,2933,2930.4,2929.6,2966.6,2992.3,3038.5,3063.9,3103.2
2424.4,2473.1,2547.3,2576.9,2597.6,2647.3,2730.1,2803.6,2868.4,2902.7,2933.7,2966.6,3000.4,3005.3,3041.8,3084.9,3113.7,3163.7,3260.4,3340.2
2305.8,2310.8,2380.1,2431.8,2496,2625.2,2731.6,2784.6,2864.1,2914.3,2940.1,2942.9,2986,3008.6,3050.9,3069.7,3075.5,3127.1,3179.6,3252
2146.5,2195.5,2236.8,2309.7,2375.3,2476.3,2570.2,2638.2,2709.9,2774.8,2847.2,2875,2915.1,2965.8,2990.6,3020.7,3056.1,3100.1,3146,3170.6
2327.4,2361,2397.7,2489.9,2554,2717.3,2786.5,2829.9,2847.2,2895.7,2925.4,2942.7,2993.5,3037.9,3047.5,3067.3,3084.9,3128.5,3200.1,3249.1
2299.9,2379.4,2437.5,2480.8,2534.9,2605,2662.6,2711.7,2776.4,2810.8,2863.1,2881.9,2890.8,2937.8,3019.7,3062.7,3110.9,3165.6,3232.7,3262.3
2153.8,2238.6,2314.1,2374.3,2450.2,2498.6,2558.8,2622.5,2727,2756.3,2793.3,2828.8,2838.8,2866,2894.8,2964.2,3029.2,3095.2,3152.9,3232.8
2252.2,2315.3,2373.2,2426.2,2516.9,2627.1,2700.7,2784.6,2838.5,2851.5,2889.9,2953.6,2996,3028,3068.3,3086.4,3113,3130.2,3157.8,3220.3
2334.1,2402.8,2444.3,2513.5,2565,2677.7,2749.8,2777.1,2779.4,2802.2,2817.9,2853,2893.6,2949.8,2973.6,3007.6,3031.1,3058.6,3121.4,3154.1
2261.9,2303.1,2329.9,2446,2600.7,2682.5,2764.1,2808,2828.4,2849.3,2831.1,2840.9,2878.1,2953.5,2995.5,3028.9,3053.6,3082.4,3124.3,3166.7
2139.9,2235.5,2316.5,2341.4,2427.4,2545.8,2638.8,2705.1,2767.8,2825.4,2855.5,2870.3,2887.3,2926.1,2975.3,3026.1,3052.1,3088.7,3162.9,3216.7
2169.6,2278.7,2346.1,2443.9,2520.1,2581.8,2604.4,2645.8,2675.7,2676.3,2678.7,2678.8,2701.3,2761,2847.8,2905.5,2964.5,2994.8,3016.5,3055.3
2137.7,2213.1,2317.8,2396.9,2497.4,2584.4,2661.6,2703.4,2740.5,2788.4,2801,2814.1,2818,2847.8,2870.9,2903.6,2931.8,3006.8,3075.9,3156.1
2016.4,2091.8,2191.6,2290.2,2398.3,2475.8,2496.2,2551.5,2637.8,2659.3,2671.4,2685.4,2717.6,2736.9,2783.4,2834.8,2878.1,2923.6,2974.8,3030.7
2311.7,2345.2,2361.4,2356.1,2447.1,2551,2642.8,2716.7,2741.8,2773.9,2767.8,2798.5,2817.4,2817.2,2856.9,2901.7,2958.3,2999,3045.9,3106.6
2111.7,2153.1,2258.6,2401.8,2507.9,2599.2,2609.8,2664.2,2743.7,2820.1,2891,2921.8,2947.3,2991.3,3025.5,3054.4,3087.7,3116.4,3147.8,3180.1
2285.3,2345,2415.6,2489.2,2575.7,2623.7,2713.7,2761.4,2836.3,2888,2932,2963.9,2980.5,3000.7,3023.6,3062.1,3097.1,3146.1,3213.4,3264.5
2355.1,2399.7,2451.4,2508.5,2567.1,2695.8,2752.1,2772.1,2808,2845.8,2902.1,2927.3,2951.7,2983.9,3026.5,3068.5,3085.9,3120.3,3154.5,3184.5
2177.9,2269.3,2326,2455,2554.7,2688.8,2754.1,2808.3,2835,2866.3,2882.7,2911.5,2959.9,3007.3,3065.2,3119.1,3171.3,3204.2,3251.3,3300.7
2067.1,2174.2,2255.1,2347.6,2413.9,2501.1,2581.5,2620.2,2643.6,2678.6,2720.6,2780.8,2822,2845.7,2874,2901.7,2921.2,2954.7,3008.1,3037.4
2213.2,2267.2,2288.4,2320.9,2341.9,2437.3,2600.1,2676.9,2718.4,2779.1,2842.1,2885.2,2894.2,2911.9,2963.9,2997.3,3062.2,3120.9,3169.2,3246.6
2213.7,2271.1,2372.4,2449.9,2552.2,2635.8,2730,2773.8,2791.5,2827.5,2871.4,2920.2,2976.9,3046.3,3078.3,3097.4,3115.8,3164.4,3215.2,3286.5
2042,2136.4,2224.8,2290.6,2420,2506,2526.5,2547.8,2570.5,2612,2669.2,2704.9,2738.4,2778.6,2814.2,2842.7,2873.1,2901.1,2945,2983.4
2326.5,2356.4,2392.8,2451.4,2549.7,2614.4,2685.8,2724.1,2734.3,2762.7,2785.6,2804.6,2807.5,2827.7,2842.6,2892,2921.9,2987.5,3067.2,3093.9
2179.4,2269.1,2356.6,2492.8,2583.3,2629.5,2671.4,2713.2,2745,2735.9,2757,2805.8,2850.5,2926,2959.8,3012,3043.3,3069.8,3092.4,3120.9
2408.8,2458,2539.2,2646.1,2704.5,2742.5,2774.2,2795.6,2808.4,2840.7,2868.1,2925.5,2966.4,3010.4,3066.8,3098.3,3131.1,3154.3,3198,3253.8
2303.5,2354.1,2378.1,2446.4,2584.2,2664.1,2707.4,2748.5,2771,2791.9,2848.1,2938.9,2997.1,3056.9,3121.9,3173.2,3234.6,3276.4,3302.4,3366.6
2254.2,2302.2,2398.1,2490.3,2603.5,2659.1,2693,2740.3,2739.2,2797.9,2864,2903.9,2935.1,2962.9,3008.7,3049.7,3081.4,3132.1,3180.1,3214.6
2144.5,2239.6,2347.5,2447.2,2533.5,2626.9,2651.7,2667.4,2723.3,2765.5,2793,2827,2863.3,2881.7,2920.2,2951.9,2995.1,3038.9,3116.9,3194.6
2287.1,2369.4,2458.3,2550.7,2598.1,2653.9,2681.7,2723.3,2758,2802.1,2845.4,2872.4,2938.6,2962.9,3008.7,3049.3,3102.7,3120.5,3137.3,3193.6
2356.7,2397.1,2426.8,2524.3,2606.1,2690.1,2790.6,2826.3,2845,2859.1,2865,2887.6,2910.4,2935,2956.9,2981.6,3010.3,3030.4,3055.6,3124.1
2432.1,2482.7,2555.3,2616.6,2656.7,2657.2,2698,2748.7,2796,2831.5,2849.8,2864.6,2875,2891.3,2907.4,2926.2,2986.3,3089.2,3143.1,3192.5
2256,2380.3,2461.6,2521.4,2578.7,2620.6,2676.1,2700.5,2706.5,2735.3,2792.4,2858.9,2910.8,2938,2974.8,3002.3,3022.5,3056,3088.1,3118
2293.8,2340.5,2423.2,2484.9,2580,2630.7,2663.2,2686.1,2753.6,2799,2824.4,2836.2,2858.7,2893.1,2934.7,3001.1,3074,3129.9,3190.6,3220.9
2318,2367.7,2395.3,2536.2,2626.7,2708.4,2742,2771,2828.6,2868.5,2873,2884.1,2915.6,2948.6,2962.1,3000.5,3025.9,3074.6,3148.5,3184.6
2203.3,2319.7,2412.7,2518.1,2589.4,2658.7,2694.5,2756.5,2780.2,2826.1,2868.9,2906.1,2929.7,2928.8,2951.1,3008.5,3059,3100.7,3142.7,3181.5
2162.1,2214.7,2268.3,2329.1,2423.2,2544.4,2609.6,2668.6,2714.5,2748.8,2803.7,2844.9,2882.2,2920.7,2945.7,2994.7,3037.6,3106,3186.5,3274.4
2356.4,2405.8,2452.9,2483.3,2533,2600.3,2655.6,2714.6,2762.2,2815.4,2854.9,2878.8,2919.3,2947.6,2995,3048.7,3101.9,3136.5,3203.4,3269.9
2353.6,2425,2469.3,2513.8,2610.5,2721,2760.2,2802,2826,2861.6,2885.6,2904.1,2918.2,2925.8,2963.8,3033,3107,3173.8,3245.5,3277.7
2099,2182.5,2300.2,2395.9,2569.3,2697,2711.2,2737.4,2776.4,2804.3,2831,2865.2,2873.2,2917.1,2963.4,3025.9,3067,3162.8,3246.1,3276
1973.8,2075.7,2197.1,2303.5,2459.3,2553.8,2600.8,2675.1,2709.6,2733.4,2780.2,2812.3,2813.5,2805.7,2832.1,2859.9,2909.8,2956.7,3035.2,3170.5
2038.2,2134.3,2234.3,2437,2533.1,2645.9,2670.2,2729.3,2756.3,2774.9,2800.4,2814.4,2844.7,2860.8,2856.5,2879.6,2930.7,2983.3,3067.7,3127.4
2326.4,2384.7,2473,2532.1,2561.5,2661.5,2748.6,2799.9,2838.6,2858.3,2887.9,2935.2,2915.5,2922.3,3007.3,3070.9,3143.5,3204.7,3278.3,3331
2200.2,2253,2322.3,2441.9,2527.5,2617.9,2674.7,2722.5,2744.5,2771.7,2782.6,2810.3,2847.9,2863.6,2880.4,2922.9,2987.6,3031.7,3078,3112.5
2157.9,2209,2302.8,2440,2554.8,2630.4,2649.5,2687.7,2694.7,2737.6,2774.6,2828.9,2843,2862.6,2896.2,2957,3033.8,3096.6,3146.2,3193.3
2173.5,2283.7,2369.5,2459,2531.1,2645.7,2684.9,2737,2791.2,2835.1,2872.6,2889.8,2917,2945.4,2972,3009.4,3048.5,3102.7,3161.3,3209.4
2392.1,2452.8,2531.7,2581,2609.8,2701.6,2745.1,2783.4,2814.3,2830.4,2861.5,2900.6,2938.4,2934,2951.1,3062,3118.4,3173.4,3234.2,3305.5
2312.3,2409.3,2473,2489.2,2515.5,2556.8,2679.1,2771.4,2842.5,2892.5,2922.1,2941.3,2946.8,2951.1,2946.7,2939.5,2964.7,2985.9,3040.3,3099.2
2137.2,2249.6,2335.6,2429.5,2477.7,2556.7,2624.7,2663.2,2700.9,2736.1,2769.5,2839.4,2902.4,2924.8,2953.6,2970.6,3004.3,3051,3090,3110.7
2432.1,2479.5,2532.1,2585.8,2662.6,2703.6,2758.8,2858.8,2897.1,2942.2,2986.3,3018.6,3064.1,3095.8,3118.3,3146.4,3169.8,3200.1,3272.4,3339.4
2217.7,2264.8,2349.9,2482.1,2576.4,2646.2,2692.2,2750.1,2778.4,2805.6,2834.8,2881,2906.2,2945.5,2979,3009.3,3073.4,3149.3,3186.9,3252.9
2259.1,2348.8,2464.5,2570,2659,2722.8,2740.2,2789.3,2814.3,2841.9,2875.4,2921.2,2948.8,2999,3047.7,3109.4,3141.9,3169.1,3195.3,3252.6
2096.2,2155.8,2262,2357,2496,2613.3,2703.4,2763.1,2764.3,2816.9,2859.5,2882.7,2917.2,2929.2,2987.7,3031.7,3083.4,3131.2,3201.4,3254.8
2124.7,2190.5,2301.5,2401.4,2487.1,2582.9,2645.2,2735.8,2787.5,2835,2903.5,2941.4,3003.7,3019.3,3039.4,3074.6,3090.4,3126.2,3168.7,3213.8
2316.4,2378.1,2382.5,2454.6,2555.9,2715.6,2820.3,2874.2,2913.8,2972.7,3020.6,3048.3,3058.6,3065.9,3070.5,3109.8,3158.7,3192.5,3223.3,3272.3
2269.4,2350.8,2434.5,2513.2,2592.8,2653.1,2660.8,2743.9,2732.3,2803.7,2838.8,2878.3,2917,2965.4,3029.3,3077.8,3163.6,3219.5,3325.8,3374.8
2370,2459.2,2500.2,2527.9,2546.5,2556.4,2550.8,2546.6,2599.1,2600.1,2642.1,2684.6,2785.7,2873.9,2947.6,3025.7,3078.4,3126.1,3155.4,3185.8
2439,2473.6,2494.4,2523.6,2561.1,2604.6,2623.1,2625,2617,2599.2,2647.6,2751.5,2853.1,2945.4,3036.8,3117,3188.3,3218.3,3254.4,3277.2
2474,2543.3,2562,2579.2,2595.4,2603.6,2615.5,2637.1,2656.9,2638.5,2645.8,2692.5,2735.7,2766.8,2812.9,2857.4,2907.1,2956.6,3011.1,3093.8
2299.3,2373.6,2459.2,2507.1,2545.6,2563.2,2576.1,2575.2,2581,2566.4,2608,2707.3,2836.2,2932.8,3016.9,3085.9,3170.9,3221.9,3264.9,3331.5
2185.5,2233,2330.9,2380,2414.2,2436,2455.8,2475,2516.9,2535.1,2552.9,2594.4,2693.4,2776.5,2831.6,2875.4,2917.9,2953,2975.7,3005.7
2296.4,2327.2,2377.2,2398.7,2431.8,2456,2500.5,2529,2551.4,2555.8,2605,2655.1,2708.5,2758.6,2810.4,2865.5,2917.5,2953.7,2965.3,2984.8
2360.2,2416.5,2482.2,2525.5,2568.9,2593.1,2625.6,2625.3,2635.8,2633.1,2669.1,2733.2,2813.5,2887.8,2953.1,3029.5,3106.8,3164.7,3197.7,3225.3
2296.7,2378.4,2432.4,2467.5,2484.9,2502.2,2511.8,2498.2,2503.4,2541.4,2622.5,2709.9,2763.8,2821.4,2862,2920.5,2945.6,2986.4,3032.3,3082.3
2383.3,2450.9,2462,2465,2488.3,2511.3,2538.5,2560.3,2589.5,2609.7,2662.7,2706.7,2765.1,2839.7,2924.4,2999.2,3111.9,3149.4,3195.8,3244.5
2422.5,2460.2,2484.6,2516.6,2548,2571.1,2587.5,2600.6,2616.4,2626.9,2644.3,2686.5,2725.7,2793.1,2869.3,2946.2,2996.4,3093.9,3194.1,3256.2
2457.3,2505.1,2530.6,2550.4,2570.6,2575.8,2586.5,2599.3,2611.7,2613.7,2621,2639.9,2669.6,2702.8,2749.8,2795.7,2878.8,2955.2,3048.3,3110.7
2313,2398.9,2453.6,2477.1,2496.4,2515.5,2540.2,2560.6,2569.8,2601.4,2642.2,2682.9,2736.7,2811.8,2911.6,2997.3,3102.5,3168.2,3247.3,3335.5
2250.3,2354,2424.4,2463.7,2479.7,2489.5,2518.5,2544.9,2545.3,2584.2,2609.4,2672.8,2741,2844.4,2926.3,2974.5,3024.8,3058.9,3100,3157.6
2390.3,2449.4,2486.3,2531.4,2550.4,2573.8,2588,2609.5,2640.5,2670.8,2708.5,2747.8,2778.6,2818.5,2866.4,2924.2,2974,3015,3062,3098
2284.1,2343.4,2427.5,2484.9,2534.3,2575.4,2599,2623.6,2667.4,2715.8,2759.2,2779.9,2829.8,2904.5,2944.6,2981.9,3011.2,3076.9,3135.1,3187.8
2270.3,2343.3,2387.1,2409.9,2430.3,2429.9,2446.4,2448.9,2452.9,2486,2546.8,2610.2,2655,2716.1,2747,2810.3,2877.2,2910.9,2974.2,3041.6
2331.1,2401.5,2449,2462.2,2527.4,2558.2,2565.9,2584.5,2592.7,2618.4,2649,2681.4,2723.4,2783,2822.7,2903.6,2943.3,2991,3032,3056.5
2389.3,2460.4,2487.9,2498.6,2541.7,2565.8,2581.2,2599,2617.3,2659.7,2683.9,2715.6,2762.3,2822.6,2864.9,2918.8,2958.6,3000.8,3046,3098.4
2386.4,2443.4,2465.5,2476.4,2518.8,2522.1,2532,2548.1,2585.8,2648.7,2701.8,2744.6,2815.3,2868.6,2928.7,2979.6,3016.7,3044.9,3073,3096.5
2349.8,2402.3,2428.5,2450.5,2483.4,2510,2559.7,2593.9,2625.7,2667.6,2694.3,2717.3,2750.7,2788.3,2841.8,2891.5,2952.3,2986.4,3028,3070.3
2312.6,2357.9,2380.1,2404.3,2420.3,2429.8,2440.8,2449.8,2471.5,2533.4,2592.8,2652.3,2728.7,2783.5,2821.8,2868.9,2905.2,2935.5,2975.7,3024.4
2210.5,2301.7,2407.8,2469.7,2488.2,2509.9,2524.9,2522.2,2503.5,2538.1,2567,2636.3,2702.6,2756.9,2792.4,2828.8,2878,2898.3,2948.8,2991.1
2234.2,2325.2,2372.7,2387.6,2398.5,2405.6,2414.9,2442.3,2461.4,2478.7,2527.6,2605.8,2674.5,2765.1,2827,2866.7,2895.6,2940.2,2964.3,3001.4
2411.9,2436.8,2467.7,2478.9,2491.2,2496.9,2505.9,2519.9,2517.4,2531.6,2562.5,2650.2,2726.7,2818.4,2899.6,2949.9,3013.8,3007.4,3057.1,3123
2420.4,2475.6,2502.5,2519.5,2532.5,2550.5,2564.1,2563.3,2561.4,2593.9,2643.9,2695.8,2756.8,2838.2,2916.3,3013.9,3085.6,3118.3,3135.2,3163.1
2474.7,2513.2,2543.4,2582.2,2608.8,2636.1,2650.3,2665.2,2653.3,2643.9,2677.5,2732.1,2805.2,2889.4,2971.8,3035.3,3080.1,3100.9,3122.2,3154
2416.8,2470.3,2507.5,2539.8,2551.8,2561.9,2574.8,2587.5,2616,2627.3,2657.3,2691.7,2747.2,2813.4,2878,2934.1,3008.6,3029.7,3075.7,3147.1
2385.4,2446.2,2461,2480.3,2506.5,2524,2522.4,2528.4,2541.6,2552.1,2618.5,2670.6,2777,2900.3,3016.6,3112.4,3166.4,3202.4,3200,3244.9
2332.2,2374.5,2431.1,2456,2479.1,2500.9,2522.1,2536.8,2552.7,2578.8,2619.8,2676.3,2728.8,2799.2,2861,2907.8,2974.6,3032.2,3067.6,3124.2
2402.3,2459.5,2502,2525.9,2546.2,2555.4,2552.8,2579.9,2596.3,2610.2,2640.4,2707.2,2811.6,2878.1,2928.7,2959.6,2993,3015.4,3038.6,3075.5
2284,2406,2500.6,2534.7,2544.2,2549.9,2568.8,2593.9,2620.6,2648.2,2692.4,2745.7,2775,2821,2892.5,2968.7,3023.5,3112.7,3161.4,3211.7
2272.3,2357.4,2409.1,2447,2470.7,2494.4,2495.3,2509.1,2506.4,2561.6,2634.1,2699.9,2756.7,2782.7,2801.8,2870.4,2910.3,2957.7,3037.7,3076.9
2330.3,2375.5,2425.3,2464.9,2506.9,2542.7,2560,2562.3,2583.8,2580.3,2572,2605.1,2679.7,2770.9,2849.7,2917.3,3007.8,3056.6,3106.6,3151.8
2371.1,2412.5,2429.3,2438.4,2446.1,2452.4,2460.9,2480,2521.3,2545,2592.3,2636.9,2711.2,2753.5,2824.6,2890.1,2920.5,2947.2,2959,3006.7
2507.6,2572.2,2598.9,2630.5,2657.5,2674.2,2695.4,2705.2,2722.8,2747.8,2779.6,2856.5,2924.9,3004.1,3059.3,3107.8,3138.9,3147.2,3148.6,3159.3
2235.8,2324.5,2423.4,2514.5,2556.2,2574.8,2593,2612.1,2638.3,2652.6,2661.4,2718.5,2797.2,2860.7,2940.1,3037.8,3131,3245.7,3368.9,3452.1
2343.5,2529.7,2613.2,2627.8,2658.9,2688.8,2706.1,2713.3,2714.6,2700.9,2699.7,2739.2,2770.5,2802.6,2849.7,2896.3,2940.4,2977.7,3038.9,3063.6
2387.3,2479.8,2528.5,2563,2585.8,2599,2631,2648.4,2668.6,2718.3,2763.3,2821.9,2894.4,2944.9,3000,3058.9,3095.8,3117.9,3136.6,3159.7
2403.3,2441.7,2478.1,2500,2524.4,2552.8,2582.5,2593.1,2548.3,2590.3,2689.5,2843.2,2962.3,3042.7,3093.2,3132.9,3154.7,3191.3,3220.9,3251.5
2467.4,2524.9,2551.7,2598.9,2633.8,2658,2670.6,2671.9,2677.6,2683.6,2703.5,2775.9,2860.8,2918.3,2977.2,3068,3116.8,3135.2,3188,3219.4
2397.3,2434.3,2443.4,2470.6,2507.2,2529.6,2547.8,2555.6,2553,2543.8,2580.7,2629.2,2754.2,2884.8,2976.3,3028,3051.2,3077.9,3096.5,3122.5
2345.4,2400.9,2419.6,2442.1,2474.7,2502.4,2494.3,2468.5,2471.4,2505.1,2562.8,2623.7,2686.1,2758.5,2852.5,2903.1,2953.3,2980.4,3012.7,3033.9
2477.1,2517.9,2555.1,2600.1,2642.9,2665.5,2701.7,2740,2737.2,2736.3,2775.9,2843.9,2923.5,2999.8,3084.5,3124.4,3135,3143,3151.6,3170.6
2406.2,2451.7,2481.7,2529.2,2563.6,2596.5,2632.4,2641.5,2696.5,2740.8,2793.3,2854.7,2974.3,3070.4,3150.7,3241.9,3344.2,3399.1,3449.8,3512.7
2374.2,2422.3,2483.6,2551.3,2583.6,2609.6,2631.5,2640.5,2675,2649.8,2678,2727.6,2780.2,2806.7,2859.3,2879.8,2932.8,2962.2,2985.9,3066.5
2289.8,2399.2,2471.3,2534.3,2559.9,2578.9,2595.8,2631.8,2639,2639.3,2682.6,2740.4,2820.1,2910.4,2971.9,3016.4,3027.6,3083.2,3129.8,3173.4
2354.9,2405.8,2438.7,2463.9,2491.3,2518,2529.7,2539.9,2552,2574.6,2592.2,2645.4,2715.6,2852.7,2986.1,3044.9,3099.1,3122.5,3136.3,3137.6
2521.4,2551.7,2575.4,2601.7,2618.7,2631.1,2641.1,2678.5,2666.8,2720.5,2732.2,2774,2847.9,2919.7,3023.6,3101,3151.6,3208.1,3288.8,3332.1
2392.9,2511.2,2562.6,2594.5,2620.4,2641,2640.5,2656.6,2674.6,2693.7,2745,2795.6,2873.6,2970.2,3069.7,3148.2,3217.3,3280,3302.5,3343.6
2284.2,2380.9,2490,2556.6,2576.7,2589.2,2616.2,2631.6,2637.1,2656.7,2673.5,2703.3,2738.1,2809,2893.2,2969.2,3081.9,3169.1,3211.4,3234.9
2313.6,2398.7,2467.6,2492,2507.3,2526.3,2537.9,2567.2,2630.7,2673.5,2702.5,2735.5,2771.7,2879,2956.8,3000.9,3067.8,3141.2,3187.7,3224.2
2363.7,2442.4,2460.1,2490.8,2532.3,2554.9,2581.9,2612.8,2654.6,2685.4,2721.4,2785.3,2860.8,2941.8,3046.1,3138.1,3221.8,3323.2,3398.4,3486.3
2506.3,2538.5,2550.2,2574.4,2601.4,2621.6,2643.1,2664.5,2686.4,2708.2,2732,2766.1,2832.4,2927.3,3057.7,3158.5,3199.8,3220.8,3241.2,3294.5
2430,2512.9,2544.7,2569,2619.3,2673.5,2685.3,2699.7,2724,2723.8,2717.9,2748.8,2807.6,2879.4,2957.1,3032.1,3072.5,3116.1,3132.6,3163.1
2406.6,2466.8,2513.4,2553.6,2588.1,2604.8,2604.9,2615.2,2637,2658.5,2681.2,2704.8,2769,2861,2957,3047.2,3091.1,3135.3,3150.4,3171.3
2437.2,2515.1,2540.5,2563.9,2587.8,2615.8,2648.7,2672.8,2712.8,2759.2,2804.7,2863.9,2937,3076.8,3213.6,3325.4,3425.2,3489.3,3489.2,3579.1
2373.9,2447.5,2482.5,2512.8,2538.1,2557.7,2565.3,2562.1,2560.3,2570.9,2588.9,2602.4,2667.9,2776.8,2876.7,2980.6,3107.8,3195.9,3216.9,3235
2467.3,2501.5,2530.5,2554.1,2586.8,2607.7,2626.8,2625.7,2633.5,2632.6,2679.9,2757.2,2854.1,2953.1,3053.5,3106.7,3157.1,3191.8,3234,3265
2523.1,2549.1,2587.5,2603.8,2630,2679.6,2707.1,2724.7,2774.3,2783.1,2794.9,2840.6,2931.9,3060.2,3165.5,3273.2,3356.1,3371.1,3402.5,3425.4
2414.4,2514.1,2573.7,2602.9,2635.3,2657,2672.9,2714.4,2752.8,2775.4,2803.5,2815.3,2920,3049.5,3145,3257.1,3349,3458.8,3533.9,3579.2
2542.6,2557.6,2609,2625.1,2643.4,2649.7,2654.5,2664.4,2672.1,2682,2713.5,2748,2807.7,2875.1,2958.5,3030.8,3100.4,3148.3,3175.7,3189.7
2477.6,2532.5,2573.2,2607,2632.6,2662,2683.6,2692.2,2697.1,2709.8,2760,2825.7,2917.8,3008.9,3098.8,3173,3247.3,3300,3321,3357.2
2447.9,2494.7,2521.3,2533.1,2566.1,2590.6,2610,2628.8,2658.1,2661.4,2673.7,2710.7,2790.8,2888.6,3035.5,3113.7,3156.9,3186.3,3216.5,3244.9
2494,2547.8,2579.8,2610.7,2641.6,2668.5,2681.2,2698.1,2707.9,2707.7,2747.1,2801.7,2900,3047.4,3187.9,3253.8,3304.2,3342.4,3369.7,3424
2470.4,2530.5,2562.3,2595.6,2562.2,2606.6,2612,2674.9,2715.6,2764.1,2834.3,2880.2,2940.3,3002.2,3080.1,3179.6,3234.6,3307.6,3326.1,3372.6
2274.5,2382.7,2410.4,2552.2,2651.6,2742.2,2806.2,2839.3,2869.1,2984.8,3018.7,3051.3,3081.3,3139.3,3216.7,3289.9,3315.7,3334.7,3359,3392.8
2348.4,2439.6,2523.6,2568.6,2686.9,2829.3,2876.8,2918.8,2957.1,2985.1,2983.3,2988.6,3012.5,3069.9,3122.9,3210,3279.8,3300,3323.6,3428.9
2459.2,2574.2,2723.8,2788,2847.5,2918.1,2964.4,2969.8,3013.6,3073.7,3124.6,3154,3192,3225.8,3281.4,3320.8,3348.4,3357.2,3386,3414.2
2287.8,2347.5,2473,2606.5,2726.1,2795.1,2831.6,2868.6,2878.3,2932.1,2968.1,3002.5,3060.7,3132.5,3193.2,3241.5,3241.9,3251.9,3317.7,3431
2312.7,2392.4,2445.6,2481.2,2585.9,2666,2710.2,2716.3,2742.7,2813.2,2858.5,2893.2,2956.3,2997.3,3048.3,3075.9,3130.5,3167.8,3230.4,3323
2390.3,2446.6,2507,2638.8,2775.9,2836.4,2864,2905.9,2987.9,3024.1,3052.6,3071.3,3089.8,3111,3130.5,3126.8,3144.6,3184.6,3228.9,3288.1
2259.8,2363.1,2421.7,2488.3,2568,2662.6,2697.8,2732.3,2791.6,2852.4,2957.9,3004.4,3084.5,3120.1,3157.3,3178,3203.8,3218.7,3244.2,3300.5
2202.6,2326.9,2427.3,2517.4,2658.3,2715.8,2751.6,2761.9,2790.6,2862,2907.7,2986,3037.7,3072.1,3107.8,3137.2,3184.5,3215.3,3256.1,3332.9
2364.3,2430.7,2495.2,2598.6,2662,2700.5,2752.1,2831.6,2899.5,2993,3066.8,3086.9,3096,3173.9,3232.8,3263.6,3296.9,3329.8,3368.1,3423.3
2433,2556.5,2614.5,2715.8,2817.4,2846.7,2890.6,2919.7,2945.2,2957.5,2961.2,2980.6,3004.1,3031.9,3085.4,3144.2,3171.1,3210.5,3287.5,3422.4
2531,2636,2748,2775.5,2827.1,2867.1,2878.1,2916.7,2948.1,2966.6,3002,3020.3,3046.4,3081.1,3102.9,3153.6,3221.3,3281.7,3305,3371.5
2306.4,2438.3,2532.2,2650.5,2768.8,2818,2856.3,2888.7,2923.9,2959.5,3001.4,3035.3,3065.8,3103.5,3136,3146.5,3143.6,3228.4,3339.9,3527.7
2211.1,2321.3,2385.6,2500.7,2605.7,2624.1,2660.4,2721.8,2777.6,2838.2,2859.7,2907.8,2960.9,3010.6,3075.6,3129.1,3202,3267.6,3314,3396
2460.4,2583.2,2583.7,2704.2,2817.1,2854.1,2903.2,2935.2,2970.3,2988.3,3029,3049.3,3068.6,3106.9,3134.5,3165.4,3212.1,3243.5,3301,3366.6
2259.3,2360.3,2481.8,2542.5,2654.2,2695.6,2713.3,2741.9,2790.4,2844.9,2912.8,2943.1,2985,3020.6,3072.8,3108.8,3143.3,3196.1,3295.7,3364
2199.5,2297.5,2396.8,2480.6,2659.6,2741.2,2749.6,2733.2,2755.3,2829.4,2871.6,2881.9,2905.5,2920,2942.4,2994.9,3053.9,3102.5,3172.4,3278.8
2443.2,2552.4,2570.9,2640.4,2710.9,2738.7,2762.7,2795.6,2872,2910,2938,2975.6,2996.7,3038.3,3068.9,3092.6,3095.6,3143.4,3218.7,3317.3
2514.7,2628.1,2729,2780.3,2825.3,2835.7,2848.9,2855.5,2874.9,2941.6,2988.8,3001.9,3038,3094.7,3146,3157.6,3187.6,3235.1,3303,3392.3
2359.2,2485,2544.1,2658.2,2726.4,2723.2,2746.8,2756,2781.5,2812.4,2841.9,2886.6,2944.6,2992.1,3073.4,3133.2,3197,3256.1,3296.4,3364.8
2290.1,2361.1,2468.5,2534.7,2594.5,2648.4,2652.6,2711.1,2771.8,2807.1,2841.3,2859.4,2893.7,2933.6,2958.3,3021.9,3070.5,3160.5,3256.8,3356.3
2322,2419.1,2450.6,2535.5,2610.3,2665.4,2685.1,2676.5,2674.4,2705,2755.8,2792.9,2835.1,2886.3,2953.4,2977.7,3022.3,3051.5,3094.1,3184.2
2164,2244.1,2314,2406.6,2518.4,2626.1,2711.4,2746,2752.4,2769.7,2811,2790,2793.7,2842.9,2877.5,2878.5,2972.2,3106,3219.4,3313.3
2171.1,2265.1,2349.9,2447.7,2551.3,2629.7,2633.8,2641.8,2689.5,2752.7,2789.8,2808.1,2839,2873.3,2952.7,3023.9,3082.5,3143.8,3219.8,3324.2
2254.4,2415.6,2438.8,2484.7,2619.6,2703.9,2729.8,2770.3,2794.8,2801.7,2825,2850.6,2877.2,2932.6,3011,3063.3,3143.4,3226.5,3327.9,3469.5
2226.5,2299.8,2394.6,2473,2621.3,2677.5,2746.8,2792.2,2829,2879.5,2894.2,2933.4,2992.8,3037.6,3077,3120,3187.1,3332.1,3408.9,3461.7
2325.8,2454.8,2544.9,2672.7,2731.7,2784.3,2796.6,2819.2,2856.6,2881.6,2899.5,2919.2,2922.5,2962.8,3026.1,3076.7,3111.1,3184.6,3264.3,3360.6
2521.4,2659,2735.5,2790,2871.8,2921.9,2938.6,2962.6,2988.2,3010.8,3029.8,3038.3,3053.4,3082.7,3132.8,3202.6,3246,3274.6,3346.4,3451.3
2152,2276.3,2359.2,2511.3,2638.1,2739.9,2770.8,2812.6,2856.5,2886.7,2943.6,2986.5,3014.9,3065.8,3109.4,3126.2,3182.3,3248.7,3354.5,3465.7
2271.8,2336.4,2357.8,2383.7,2458.3,2572,2651.9,2683.9,2759.9,2819,2854.9,2863.5,2890,2913.7,2959.1,3005.3,3045.7,3130.8,3230.1,3325.4
2392.6,2499.7,2567.6,2665.3,2751.4,2809,2862.7,2880.9,2903.6,2927.4,2944.8,2944,2968.7,3039.2,3070.3,3097.1,3135.7,3185.7,3276.8,3354.2
2253.5,2363.3,2440.6,2546,2652.7,2720.4,2782,2817.3,2849.3,2871.4,2908.5,2915,2967.2,3039.7,3120.1,3212.3,3288.5,3337.4,3393.7,3454.2
2141.9,2232.3,2328.7,2446.8,2555.5,2663.3,2761.7,2789,2799.8,2838.6,2872.2,2885.6,2916.8,2953.8,2995.8,3054.6,3090.8,3123.3,3187.4,3257.8
2438.1,2512.6,2477.3,2513.4,2616.1,2683.4,2727,2775.2,2827.2,2836.1,2837.6,2852.4,2863,2875.6,2926.2,3001.5,3064,3138.4,3242.5,3327.6
2471,2586.4,2636.2,2651.4,2682.8,2728.8,2738,2796.3,2854,2886.1,2931.6,2960.9,2972.1,2987.2,2991.5,3003.8,3031.3,3051.9,3107.5,3157.1
2561.8,2640.5,2754.2,2837.8,2904.5,2946.1,2995.1,3024.9,3078.4,3117.1,3138.1,3153.1,3213.8,3244.3,3261,3261,3297.1,3382.5,3494.1,3611.3
2386.9,2490.4,2515.1,2598.1,2739.2,2832.1,2883.2,2916.2,2951.2,3004.7,3072,3106.8,3161.7,3188.8,3237.5,3268.6,3310.3,3406.7,3515.9,3654.2
2258.6,2363.8,2519.9,2608.5,2661.6,2775,2822.2,2852,2911.2,2950,2978.8,2996.5,3015.8,3028.7,3044.3,3017,3068.8,3166.4,3258.3,3329.2
2303.9,2419.6,2466.5,2571.8,2666.7,2763.3,2794.5,2827,2851.7,2914.6,2946.7,2995.1,3052.3,3129.7,3214.9,3272.1,3381.7,3439.5,3525.6,3565
2269.7,2436.9,2550.2,2599.1,2684,2715.1,2748.4,2805.5,2863.8,2899.3,2916.9,2919.1,2933.2,2933.1,2966.6,2996.4,3129,3284.4,3405.4,3487.3
2301.5,2460.1,2564.5,2624.6,2728,2840.4,2884.8,2905.3,2913,2922.1,2924.5,2922.8,2943,3011.9,3043.5,3076.4,3126.7,3198.1,3285.4,3332.8
2361.5,2447.8,2481.5,2526,2599.4,2672.4,2704.2,2758.9,2807.3,2839.8,2841.6,2839.1,2859.6,2912.7,2978.1,3028.2,3120.2,3214.1,3331.1,3397.8
2280.2,2426.8,2503.1,2593.3,2650.4,2685.3,2714.2,2745.5,2810.4,2857.1,2882.6,2917.7,2956.6,2992.6,3008.3,3027,3027.5,3057,3095.1,3130.7
2476,2541.6,2618.8,2742.6,2827.2,2822.6,2843.6,2897.1,2955.8,3013.5,3069.4,3047.2,3111.1,3201.6,3249.1,3295.3,3345.9,3436.8,3550.5,3619.1
2368.7,2480,2573,2679,2782.6,2832,2859.1,2901.6,2921.3,2971.3,3031.1,3110.7,3194.1,3248.2,3298.4,3320.1,3344.1,3419.8,3559.8,3708.1
2188.3,2283.4,2362.7,2497.8,2608.2,2777,2838.8,2808.6,2866.6,2930.1,2962.6,3011.8,3058.9,3089,3087.4,3078.1,3085.7,3177.2,3294.3,3352.6
2296.7,2414.1,2530.5,2652.2,2750.9,2802.1,2842.6,2858.8,2888.6,2921.1,2952.3,2995.9,3047.9,3085.2,3129.4,3187,3238.3,3350,3459.7,3545.1
2312.2,2431.1,2560.5,2669.8,2715.9,2757.3,2815.4,2861.6,2919.9,2976.6,3011,3072.7,3126,3159.5,3156.7,3134.3,3160.5,3224.2,3335.2,3507.3
2356,2478.3,2498.2,2632.8,2740.7,2832.1,2859.5,2899.5,2913.5,2949,2976.6,2979.1,3044.6,3117.5,3191.7,3277.8,3329.6,3390.7,3505.8,3601.9
2121.3,2221.1,2332.8,2440.8,2523.3,2604.7,2658.2,2712.7,2780.8,2844.7,2886.4,2945.2,3016.9,3062.4,3141.8,3189,3219.7,3289,3364.4,3448.7
2054.7,2136.6,2144.6,2218,2389.8,2566,2619.9,2651.5,2731.7,2758.2,2787.9,2820.6,2848.2,2894.7,2966.8,3032.3,3102.2,3140.9,3195.1,3290.8
2115.1,2232.4,2277.1,2350.8,2501.4,2612.7,2660.6,2671.9,2717.9,2783,2854.1,2905.2,2909.3,2937.5,2970.3,2999.2,3067.6,3147.3,3253.9,3327.1
2289.5,2376.6,2439.3,2524.8,2619.2,2675.1,2710.4,2757.1,2772.8,2777.6,2819.9,2843.3,2890.4,2997.6,3071,3139.6,3189.6,3237.8,3296.3,3369.6
2169.1,2248.1,2331.7,2445.2,2566.6,2662.6,2720.2,2722.1,2768.8,2798.3,2829.6,2872.3,2917.9,2986.1,3050,3106.7,3158.3,3256.7,3329.6,3416
2366.2,2474.2,2558.2,2632.9,2663.6,2700.6,2722.7,2747.3,2769.3,2793.6,2815.3,2870.2,2926.9,3013.2,3079.7,3175.3,3205.5,3231,3312,3383.1
2141.8,2283.9,2404.4,2525.5,2636.6,2706.8,2759.1,2821.1,2878.8,2929.8,2991.7,3054.5,3140.2,3212.5,3270.5,3284.8,3261,3313.5,3418.9,3503.5
2352.8,2486.9,2570,2662.9,2732.2,2758.3,2807.5,2844,2903.4,3005.8,3069.8,3096.1,3182.1,3243.9,3303.5,3380.7,3490.7,3610.7,3660.7,3684.2
2302.6,2373.4,2431.9,2504,2601,2651.7,2684.3,2711.8,2737.7,2744.5,2742.2,2761.9,2801.1,2869.3,2947.6,3027,3079.1,3162,3263.8,3378.3
2208.7,2354.1,2474,2520.2,2578.7,2642.1,2641.3,2633.8,2685.4,2776.3,2828.9,2877.7,2910.6,2936.3,2963.9,2956.5,3007.7,3070.1,3120.4,3188
2408.9,2507.1,2572.6,2651.8,2716.9,2775.2,2878.1,2927.3,2953.9,2985.5,3026.9,3025.9,3038.9,3097.7,3184.2,3224.9,3272.3,3367.3,3459.9,3556.3
2326.8,2450.3,2502.5,2586.1,2724,2819.9,2853.7,2893.6,2966.2,3036.3,3054,3098.8,3169,3249.3,3317,3383.4,3449.5,3511,3574.6,3635.3
2152.3,2222.3,2349.9,2443.5,2550.3,2619.7,2691.3,2720,2794.9,2854.4,2900.2,2947.8,2998,3062.3,3077.3,3084.8,3109.7,3184.8,3268.9,3338.2
2196.1,2330.5,2387.6,2485.5,2599,2648.2,2723.5,2768.7,2830,2849.1,2879.2,2918.5,2942.9,2954.7,2985.3,3023.7,3061.4,3157.6,3268.7,3401.7
2257.8,2430.7,2568.6,2623.8,2681.2,2719.7,2747.6,2765,2800,2838.6,2853.9,2870.9,2902.5,2937.1,2992.7,3072.7,3131.4,3226.7,3319.5,3421.5
2348,2459.2,2514,2593.8,2688.7,2806.6,2853.6,2875.5,2913.8,2973.6,3023.5,3072.6,3122.9,3131.3,3166.5,3212.3,3257,3330.9,3434.2,3538.4
2273.8,2383,2480.6,2570.6,2690.8,2750.8,2801.1,2830.1,2890.8,2935.6,2985.4,3003,3107.9,3211.3,3300.7,3373.2,3434.5,3558.1,3680.4,3752.6
2203.3,2343.5,2608.7,2713,2784,2852.4,2906.5,2941.5,2961.1,2997.7,3028.8,3051.8,3063.2,3112.5,3158.1,3195.4,3255.5,3332.7,3477.7,3630.3
2236.3,2280.9,2391.5,2511.4,2561,2615.6,2687.8,2727.6,2787.6,2828.3,2861.4,2899.4,2938,2965.5,3028.6,3029.6,3106.9,3255.2,3459.2,3784.2
2443.1,2509.4,2562.6,2604.9,2655.3,2719.5,2759.5,2785.5,2837.8,2878.1,2891.9,2908.1,2920.6,2931.5,2953.9,3014.1,3131.8,3280.8,3482.1,3569.5
2135.8,2215.5,2343.5,2455.1,2549.4,2639.8,2641.8,2663.9,2720.7,2754.7,2800.7,2830.5,2877.7,2921.3,2925.1,2944.8,2998,3156.4,3310.8,3507.5
2084.6,2317.9,2447.7,2530.7,2569.5,2597.7,2615,2616.9,2668.1,2698.3,2800.9,2873.9,2938.7,2974.9,3018.5,3049.6,3077.2,3133.7,3186.8,3254.4
2350.5,2527,2636.9,2707.5,2752,2812.7,2849.9,2870.9,2896.1,2903.7,2912.1,2939.3,2990.5,3056.9,3089.2,3101.7,3177.4,3257.7,3510.1,3784.4
2203.9,2344.9,2459.4,2586.1,2669.9,2717.2,2772,2806.7,2831.7,2862.6,2911,2980.9,3042.6,3100.2,3110.9,3135.8,3180.8,3235.4,3379.3,3497
2210.8,2416.3,2588.5,2661.2,2717.1,2752.6,2770,2766.4,2787.6,2780.8,2810.9,2838.5,2864.4,2893,2908.1,2927.6,2971.4,3097.6,3159.3,3342.6
2165.4,2211.8,2375.8,2536.4,2616,2747.9,2957.7,3053.9,3079.9,3104,3116.6,3133.9,3134.6,3146.3,3178.8,3199.6,3242.9,3323.9,3459.4,3588
2270.1,2400.3,2649.6,2776.3,2861.4,2873.4,2901.2,2940.2,2951.2,2987.3,2971.8,2971.4,2984.2,3011.3,3080,3123,3149.7,3231.2,3438.9,3561.6
2345.4,2404.4,2463.9,2568.5,2670.6,2772.3,2854.8,2916.2,2955.1,2979.5,2995.5,3002.7,3011.3,3047.1,3073.9,3102.2,3148.5,3254.2,3402.8,3519.3
2185,2344.1,2487.5,2570.3,2589.4,2665.9,2711.7,2771.5,2802.4,2890.2,3012.9,3142.2,3190.7,3231.5,3259.7,3313.1,3356.4,3489.3,3623.2,3664.4
2020.2,2039.2,2098.1,2138.8,2211.6,2295.9,2404.7,2450.8,2486.4,2505.3,2525.6,2550.6,2564.3,2569.4,2596.1,2626.6,2656.1,2721.9,2908,3093.7
2329.9,2382.5,2448.5,2690.5,2762.4,2849.9,2938.4,2987.8,3011.1,3021.4,3045.1,3069.9,3119.6,3162.4,3207,3236.2,3253.7,3304.4,3400.6,3469.8
2148.3,2294.3,2389.7,2447.1,2546,2610.8,2761.6,2837,2859.9,2898.7,2954,3017.8,3066.7,3110,3137.8,3173.4,3222.5,3294.1,3353,3455.7
1978.7,2121.6,2219.4,2310.6,2368.1,2385.9,2404.2,2428.9,2455.1,2486.5,2513.8,2534.7,2540.6,2567.2,2604.8,2693,2790.1,2895.2,3045.2,3157.8
2248.3,2354.7,2397,2447.3,2516.4,2601.1,2598.5,2581.9,2712.3,2786.5,2861.8,2936.1,2957.5,2990,3001.4,3030.8,3097.6,3135,3229.2,3325.9
2243,2277.6,2333.1,2431.6,2482.5,2504.7,2596.5,2618.7,2635.3,2669.1,2682.5,2720.7,2759.9,2840.9,2882.8,2956.4,3031.8,3117.4,3206.8,3317.2
2149.7,2187.7,2303,2370.7,2415,2443.2,2562.9,2700.7,2741,2778.5,2797.8,2782.2,2746.1,2789.1,2840,2913.7,3002.4,3062.7,3133.1,3235.6
2069.8,2167.8,2276.9,2342.5,2329.8,2360.5,2394.3,2446.8,2503.5,2564.3,2634.1,2661.5,2675.5,2745,2817.2,2896.2,3010.8,3111.6,3174.9,3247.2
2109.8,2182.5,2237.7,2305.6,2351.7,2440.9,2480.8,2521.1,2527.2,2531.9,2537.3,2520.2,2528.1,2560.8,2639.2,2709.3,2768.5,2841.8,2909,2998.3
2104.4,2134.8,2249.3,2340.1,2463.4,2501.9,2494.1,2523.7,2573.4,2659.2,2677.2,2702.4,2711.4,2723.1,2744.7,2766,2793.5,2846.2,2894.6,3015.7
2000.6,2061.2,2191.2,2279.4,2336.8,2409.4,2506.2,2557.2,2586.2,2599.8,2616.3,2637,2659.1,2687.2,2740.8,2837.1,2893.6,2935,3030.5,3100.9
2233.4,2277.1,2359.2,2403.3,2442.6,2439.4,2499,2549.4,2610.5,2714.3,2733.4,2726.9,2701.4,2748.8,2801.5,2880.6,2947.4,3050.1,3160.2,3278.4
2128.3,2152.5,2281.1,2438.2,2562.5,2637.2,2682.4,2725.9,2746.4,2752.6,2779.1,2809.3,2866,2902.2,2916.2,2975.4,3016.5,3062.1,3166.1,3264.2
2223.8,2208.5,2229.1,2260.4,2339.1,2423.4,2511.7,2611.9,2698.7,2735.9,2759.7,2767.2,2749.3,2815,2858.2,2916,3027.4,3139,3247.1,3307
2271.6,2288.7,2326.2,2375.7,2409.6,2443.1,2567.2,2628.4,2661.7,2704.8,2734.7,2758.4,2766,2801.8,2882.8,2957.1,3006.5,3048.5,3108.5,3195.6
2120.3,2193,2296.8,2393.8,2394.3,2400.5,2467.9,2550.3,2630.9,2701,2701.8,2718.8,2759.7,2793.5,2824.3,2847.5,2888.2,2919,2971.4,3045.3
2038.9,2076.7,2153.4,2268.2,2344.8,2421.1,2490.4,2535.9,2558.6,2588.1,2612.8,2629.7,2652.8,2694.6,2731.8,2770.9,2812.7,2866.8,2953.6,3070.6
2152.2,2206.9,2318.2,2391.5,2465.6,2508.8,2562.3,2647.1,2743.1,2801,2828.5,2843.5,2835.4,2838.1,2849.9,2888.6,2948.6,3009.9,3082.3,3172.2
2154.9,2174.3,2250,2333.4,2439.1,2499.5,2606.7,2669.7,2715.8,2717.7,2745.5,2750.3,2765.7,2805.4,2818.6,2849.5,2925.6,2994.5,3051.9,3177.6
1978.6,2008.6,2104.9,2265.5,2387.9,2387.6,2402.3,2501.4,2595.3,2629.6,2656.6,2662,2659.9,2672.3,2686,2694.3,2721.9,2773.7,2847.4,2891.6
2340.9,2446,2520.7,2633.9,2695.9,2741.4,2764.4,2795.5,2812.9,2820.8,2835.1,2873.1,2878.3,2880.5,2900.2,2957.5,3019.9,3193.5,3293.2,3353.7
2112.6,2157.7,2223.6,2300.5,2383.6,2480.8,2541.2,2598.8,2639.7,2681.4,2722,2752.6,2776,2808.2,2840.4,2866.5,2912.8,2959.9,3015,3051.5
2507.8,2614.3,2699.1,2738.8,2781,2811.8,2836.8,2873.3,2913.1,2956.3,2978.7,3023.9,3107,3194.6,3254.6,3295.7,3351.7,3448.4,3527.3,3589.4
2259.8,2384.1,2507.8,2590.9,2674.8,2696.3,2715,2736.5,2781.8,2873.1,2879.3,2929,2967.3,3055.3,3171.5,3273.8,3328.8,3412.4,3481.8,3572.5
2135.7,2226.6,2315.4,2459.8,2523.6,2579.1,2624.4,2644.1,2655.8,2672.7,2701.4,2718,2767.1,2876.9,2944.2,3020.4,3061.8,3088,3141.1,3186.7
2105.2,2205.6,2302.6,2363.3,2402.8,2477.5,2528.8,2580.5,2633.1,2648.7,2667.2,2684.8,2717.7,2738.2,2760.6,2824.9,2934.4,3058.3,3172.8,3313.5
2295.7,2386.7,2489,2607.8,2664.1,2694.8,2700.6,2710.5,2734.2,2765.1,2829.3,2870.5,2949,3014.2,3083.1,3173.9,3254.5,3316.9,3404.1,3467.6
2323.9,2482.8,2615,2719.9,2811.1,2844.8,2849,2865.9,2895.2,2947.2,3004.6,3040.1,3090.8,3149.7,3188.3,3256.2,3313.6,3403.5,3513.7,3601.4
2205.2,2367.2,2502,2627.7,2716.2,2748.2,2773.7,2797.3,2809.2,2822.6,2834.1,2842.9,2870.3,2927.1,2971.6,3035.8,3116.4,3255.1,3368.9,3493.7
2296.3,2421.8,2519.1,2585.7,2657.1,2716.6,2750.4,2784.3,2805,2828.7,2853.5,2872,2878.7,2899.8,2925.8,2958.1,2983,3049.3,3084.6,3153.5
2477.7,2520.7,2638.4,2756.7,2803.6,2859.2,2917.8,2965,3061.2,3096.1,3156,3187.2,3226.9,3283.7,3342.8,3361,3445,3528.7,3616.1,3741.5
2180.4,2263.9,2373.5,2527.1,2609.1,2682.3,2722.4,2757.6,2789.8,2793.8,2819.7,2889.5,2920,2966.5,3017.2,3095.7,3117,3181.4,3314.9,3486.2
2059.6,2151.2,2331.5,2517.9,2652.8,2705.8,2737.1,2775.7,2787.7,2801.5,2819.6,2857.1,2873.7,2876.3,2893.6,2911,2911.7,2956.3,3064.5,3201.7
2066.4,2171.1,2295,2461.6,2639.6,2708.3,2729.6,2743.3,2764.5,2788.3,2833,2862.6,2870.7,2905.3,2948.3,3019.2,3039.3,3113.5,3231.8,3343.5
2265.5,2398.4,2488.5,2644.9,2716.1,2755.2,2774.1,2799.1,2802.4,2804,2813.6,2815.3,2829.6,2833.9,2877.1,2911.4,2990.1,3122,3338.1,3603.9
2259.8,2370,2508.2,2620.7,2676.3,2704.9,2736.3,2773.5,2820.6,2868.6,2935.9,2968.8,3033.8,3093.9,3129.5,3206.5,3312.4,3512.2,3643.4,3803.7
2251.2,2388.6,2440.9,2521.6,2568.4,2589.6,2644,2707.6,2801.8,2873,2898,2892.3,2893.3,2906.7,2940.5,2989.5,3054,3124.4,3208.6,3289.8
2163.1,2231.4,2335.7,2479.3,2472,2465.5,2522.8,2597.1,2658.3,2703.1,2732.2,2756.4,2772.5,2817.5,2850.9,2884,2937.4,3012.6,3083.9,3162.5
2110.3,2221,2324.1,2419.3,2475.3,2518.2,2595,2655.2,2726.4,2744,2756,2766.4,2780.1,2835.2,2911.3,2993.9,3111.8,3206.4,3298.1,3352.7
2417.6,2542.9,2647.8,2689.4,2714.8,2733.4,2767.6,2754.2,2788,2820.8,2856.2,2886.3,2930.5,2970.5,3004.7,3043.5,3074.4,3095.3,3127.4,3181.8
2336.8,2393.7,2478.2,2608.7,2603.6,2640.2,2684.1,2716.1,2749.7,2802.9,2829,2837.3,2849.1,2864.9,2906.4,2921.2,2982.1,3086.4,3169.6,3227.7
2359.2,2452,2578.6,2634.6,2675.3,2727.5,2743.7,2777.5,2833.4,2862.9,2896.9,2924.9,2941.7,2985,3053.1,3116.5,3190.1,3294.1,3345,3411.8
2214.6,2305.9,2401.1,2573.3,2613.8,2682.2,2671,2711.7,2738.5,2788.8,2811,2830.5,2843.5,2856.5,2915.8,2945.8,2993.6,3057.7,3132.3,3230.7
2435.2,2530.5,2636.6,2687.3,2727.3,2793.9,2855.1,2886.2,2907.3,2957.1,2971.4,3009.3,3064.1,3127.1,3185.8,3276.2,3337.1,3419.5,3522.9,3638.9
2257.1,2331.1,2439.6,2496.2,2623.3,2697.2,2765.9,2822.2,2862.3,2898,2936.9,2949.8,2978.6,2967.7,2971.1,2986.8,3026.1,3090.5,3183.3,3286
2093.7,2166.8,2301.6,2446.7,2547.7,2625.2,2667.3,2690.7,2723.6,2761.5,2778.4,2770.9,2804.7,2870.2,2954.7,3045,3084.9,3118.2,3204,3325.6
2311.2,2431.7,2573.1,2663.1,2709.1,2725.4,2795.1,2876.1,2929.1,2941.9,2996.4,3070.7,3121.9,3157.9,3202.8,3260.4,3367,3441.8,3538.9,3628.6
2313.1,2390.4,2429.2,2447.4,2462.7,2575.9,2660.1,2685.2,2711.7,2753.3,2801.6,2864.4,2938.7,2963,3039.2,3082.5,3140.2,3215.9,3309.3,3393.6
2164.8,2266.1,2371.1,2506.8,2602.8,2651.8,2671.5,2672.6,2684.7,2756.3,2783.5,2833.7,2858.6,2907.2,2969.9,3027.5,3058.7,3149.8,3257.5,3361.9
2106.1,2190.8,2260.8,2332.4,2414.3,2524.4,2562.9,2599.9,2649.2,2718.4,2789,2822.3,2863.6,2886.9,2892.7,2881.6,2943.2,3045.8,3225.2,3328.1
2258.1,2370.7,2466.6,2553,2614.1,2672.6,2698.7,2672.2,2679.6,2734.4,2762.4,2798.2,2826.6,2823.9,2892.8,2974.8,3072.9,3160.3,3261.3,3305
2405,2517,2584.4,2632.9,2677.9,2745.6,2780.1,2847.4,2942.6,2998.3,3077.6,3139,3167.4,3214.7,3227.3,3304.1,3339.7,3426.6,3499,3610.9
2213.2,2315.5,2414.4,2516.2,2609.6,2618.8,2654.4,2687.4,2840.1,2893.3,2944.4,2966.8,2935,2960.1,2978.6,3033.5,3094.5,3198.9,3301.9,3392.4
2126.6,2139.5,2213.9,2305.4,2470,2561.1,2641.8,2700.3,2742.8,2771.6,2798.1,2806.7,2825.5,2810.7,2803.1,2860,2909,2966.6,3036.4,3130.7
2261.4,2351.7,2433.2,2517.5,2582.5,2612.3,2648.4,2673.4,2694.4,2713.2,2736.9,2758.3,2774.6,2800.6,2817.2,2855,2945.2,3041.6,3138.1,3238.6
2388.6,2445.2,2496.6,2596.9,2612.8,2627.5,2656.3,2684,2706.3,2730.7,2758.7,2775,2792.5,2833.6,2884.3,2949,3008.7,3067.1,3121.7,3166.8
2080.9,2145.5,2224.5,2492.6,2631.7,2745.1,2800.2,2854.3,2861,2879.6,2906.6,2861.9,2881.1,2881.9,2896.4,2935.6,3009.8,3090.7,3146,3226.2
2074.2,2110.1,2149.3,2244,2338.9,2400.4,2435.9,2442.6,2462.5,2485.1,2498,2514,2527,2525.8,2559.3,2589.8,2628.4,2673.5,2734,2809.9
2133.5,2190.8,2268.6,2400.3,2517,2592.8,2618,2651.3,2666.3,2678.8,2710.2,2758.9,2774.7,2796.9,2806.1,2850.3,2901.5,2973.5,3093.3,3199.7
2137,2210.9,2313.1,2401.3,2475.4,2530.8,2574.3,2604.7,2624.1,2641.5,2680.9,2712.1,2710.3,2732.4,2766.4,2810.1,2857.8,2932.2,3007.5,3113.7
2074.5,2037.4,2097.7,2256.2,2415.3,2492.7,2534.1,2557.9,2575.8,2580.4,2575.4,2569.4,2572.9,2581.8,2607.5,2635.9,2685.3,2733.2,2791.4,2867.2
2281.9,2305.5,2355.3,2482.6,2535.9,2629.4,2685.9,2716.3,2732,2755.2,2772.5,2775.9,2781.8,2785,2797.6,2806.5,2847,2903.9,2948.2,2979.7
2258.6,2286.4,2341.8,2470,2603.3,2656.1,2695.9,2753.8,2792.9,2824.3,2852.8,2876.2,2895.6,2887.9,2922.8,2977.6,3038.3,3123.7,3199,3263.9
2477.7,2467.2,2515,2557.9,2630.1,2657.4,2671.2,2681.7,2684.5,2690,2704.3,2732.9,2759.4,2782.9,2815.1,2843,2903.7,2957.4,3017.9,3068.2
2179.4,2192.9,2229.4,2427.3,2564.1,2605.3,2637.5,2659.7,2675.9,2721.9,2758.6,2765.8,2784.7,2785.8,2824.9,2876.2,2947.8,3026,3120.2,3223.9
2035.3,2092.1,2199.1,2283.8,2355.6,2391.6,2426.8,2442.2,2470.3,2484.6,2487.9,2500.4,2505.5,2528.1,2550.4,2575.8,2610.8,2659.4,2749.7,2892.4
2098,2186.3,2288.8,2383.2,2485.3,2518.7,2542.3,2552.5,2577.2,2610.3,2640,2651.8,2663.7,2677.2,2704.1,2751.6,2842.1,2904.9,2971.6,3025.9
2185.8,2249.5,2316,2411.8,2505.4,2570.4,2608,2710,2710.5,2728,2769,2833.3,2855,2879,2901,2938.9,2984.8,3054.5,3146,3230
2155.4,2174.7,2201.5,2306.7,2412.9,2444.4,2468.1,2495,2535.9,2580.3,2596.2,2594.3,2612.4,2625.4,2656.6,2686.2,2754.3,2789.2,2847.9,2901.5
2180.7,2236.1,2268.7,2318.6,2349.1,2381.3,2416.2,2481.4,2537.3,2593.3,2623.7,2657.3,2713.7,2763.9,2820.2,2869.4,2898.6,2944.2,2994,3057.1
2256.1,2282.9,2299.3,2327.8,2367.6,2446.3,2530.3,2575.5,2606.5,2631.5,2638.1,2655.6,2669.6,2666.4,2749.3,2886.2,2978.6,3059.2,3143.9,3222.4
2015.7,2038.9,2140.6,2202.5,2249.1,2364.5,2456.8,2534.6,2622.8,2723.5,2788.9,2836.7,2841.2,2885.5,2922.7,2933.6,2976.7,3055.7,3177.7,3269.2
2154.7,2206.2,2247.1,2318,2429.6,2517.7,2590,2614.7,2648.2,2698,2731.1,2739.5,2742.1,2782,2824,2915,3033,3125.7,3200.2,3242
2129.5,2182.6,2225.4,2296.1,2329.3,2389.8,2415.6,2439.1,2456.2,2463,2481.3,2499.3,2533.4,2578.2,2645.6,2706.1,2787.7,2882.9,2962.9,3008.6
2067.3,2106,2186.6,2269.3,2350.2,2396.9,2423.3,2451.8,2491.9,2581.9,2613,2633.2,2651.5,2679.2,2724.4,2792.8,2836.2,2880.8,2952.7,3111.2
1908,1970.6,2107,2282.5,2397.8,2516.9,2584.1,2602,2613.6,2630.2,2654.4,2670.7,2692.4,2733.7,2784,2818.4,2879.6,2952.3,3049.9,3146.3
2218.9,2272.8,2363.7,2421,2440,2472.6,2526.2,2549.2,2572.2,2588.6,2615.3,2631.8,2641.4,2653.3,2676.4,2715.4,2774.9,2856.9,2978.2,3109.1
2160.9,2238.5,2352.5,2498.2,2560.1,2586.2,2605.6,2621.9,2633.9,2645.6,2663.4,2673.1,2673.8,2701,2724.4,2790.1,2868.8,3014.2,3181.5,3337.1
2332.3,2376.1,2490.7,2555.9,2627.6,2662.3,2695,2708.1,2716.9,2740.9,2741.4,2741.8,2747.4,2753.6,2783.7,2825.1,2876,2973.3,3110.9,3297.7
2358,2374.8,2376.8,2460.8,2554.2,2638.7,2665.7,2692.1,2705.7,2718,2728.3,2734.7,2745.5,2750.8,2764.2,2780.2,2808.1,2872,2944.9,3067.9
2102.5,2156.2,2299.6,2434.4,2496.7,2529.9,2581.3,2632.7,2698.6,2746.5,2768.9,2795,2810.9,2834.3,2870.1,2922.7,3007.8,3091.1,3178.6,3274.3
2068,2176.7,2267.8,2366.7,2442.2,2474.6,2496.6,2511.6,2518.3,2526.8,2537.9,2548.9,2567.3,2591.8,2651.1,2696.4,2736.4,2776.1,2832,2903.3
2142.2,2197.1,2289.7,2389.1,2450.7,2496.4,2524.9,2543.8,2554.2,2571.6,2587.7,2608,2651.1,2674.3,2682.4,2769.9,2825.9,2919.8,3006.2,3138.8
2088.5,2159.4,2237.4,2340.5,2439.4,2499.4,2566,2582.1,2596.6,2622.5,2629.3,2668.7,2653.1,2702.6,2732.1,2825.9,2845.2,2908.3,3027,3157.7
2082.1,2153.1,2244.9,2380.6,2461.8,2496.3,2528.9,2544.4,2594.4,2617.8,2630.9,2640.7,2667,2681.2,2714.1,2731.2,2819.5,2929.8,3036,3103.2
2150.3,2212.8,2290.2,2360.4,2409,2463.9,2558.9,2623.4,2659.7,2691.4,2707.8,2734.2,2730.5,2784.9,2805.1,2841.6,2927.2,2974,3056.6,3116.1
2126.3,2161.6,2192.9,2249.3,2318,2372.5,2409.9,2453.2,2486.3,2509,2524.6,2557.4,2583.4,2615.7,2655,2677.9,2704.4,2761.1,2864.6,2994.4
2271.7,2325.4,2363.7,2437.5,2520.2,2652.1,2779.6,2852.7,2912.8,2990.4,3059.4,3092.1,3127.8,3154.6,3188.4,3208.2,3255.1,3309.7,3395.8,3490.7
2219.7,2238.4,2264.7,2322.9,2413.8,2478.2,2545.4,2612.1,2651.3,2726.4,2738.3,2753.1,2757.8,2772.3,2786.4,2822.7,2862.9,2905.1,2946.6,3029.2
2129.8,2210.4,2274.5,2331.9,2449.4,2577.9,2661.1,2707.2,2729.7,2754.4,2786.8,2830.5,2862.3,2902.3,2937.4,2951.4,3002.2,3070.1,3117.3,3157.8
2093.3,2128.5,2187.3,2249.2,2315.5,2360.7,2433.4,2526.5,2598.5,2681.9,2745,2789.4,2837.9,2870.7,2886.8,2909.6,2941.8,2970.6,3004.9,3053.7
2137.2,2157.7,2263.5,2354.6,2422.6,2481.2,2528.1,2568.8,2599.3,2640.9,2654.5,2674.5,2684,2715.7,2731.1,2786.9,2829.4,2892.4,2976.6,3057.9
2266.5,2316.1,2397.7,2450.2,2471.1,2539.9,2591.3,2660.6,2696.6,2718.7,2746.1,2776.6,2801,2832.6,2847.8,2873.9,2929.3,2989.1,3050.2,3099.7
2148.2,2146.5,2199.6,2353.1,2493.6,2534.5,2578.9,2594.9,2608.7,2610.1,2608.9,2599.7,2593.9,2602.1,2608.8,2630.2,2664.2,2800.5,2885.6,2973
2086.8,2137.6,2209.4,2346.9,2404.6,2467.3,2505,2529.9,2546.3,2548.8,2556.1,2563.1,2561.7,2612.8,2667.8,2733.2,2786.4,2858.8,2979.3,3103.3
2430.9,2506.8,2586.7,2616.8,2681.5,2733.1,2796.5,2842,2888.1,2930.5,2984.9,3039.1,3093.9,3145.9,3196.1,3178.2,3193.8,3196.9,3274.9,3362.6
2247.8,2216.6,2309.8,2403.8,2494.6,2569.5,2607.8,2632.4,2683.7,2686.6,2716.9,2742.5,2777.9,2814.5,2868.6,2891.6,2920,2969.7,3032.6,3115.8
2222.5,2295,2414,2505.4,2554.9,2596.4,2666.2,2730.4,2766.9,2797.3,2820.1,2834.8,2841.8,2823.8,2806.1,2838.3,2917.5,2980.9,3051.4,3110.3
2195.9,2231.3,2259.1,2349.9,2429.3,2540,2584.3,2620.9,2650.3,2677.4,2695.8,2748.6,2759.5,2788.5,2819.4,2878.3,2935.7,3025.7,3101.4,3165.1
2228.8,2334.4,2430.3,2491.1,2558.1,2610.5,2630.1,2646.5,2664.9,2679.1,2683.1,2687.5,2690.8,2696.8,2711.4,2750.5,2794.8,2858.1,2914,2998.7
2205.2,2254.6,2403.5,2496.9,2573.8,2604.1,2634.6,2665.1,2719.1,2754.9,2780.6,2787.1,2790.9,2803.4,2839.4,2881.1,2956.9,3025.4,3095.6,3174.8
1959.9,1960,1977.1,2035.5,2168.5,2332,2468.8,2571.2,2632.2,2708.7,2782.5,2841.5,2886.2,2916.9,2943.4,2927.6,2983.2,3048.5,3196.2,3317.1
1767.9,1823.4,1939.6,2086.2,2379.3,2501.6,2584,2688.1,2757.7,2792.7,2805.4,2814.6,2816.7,2861.7,2876.2,2887.2,2917.1,2971,3022.2,3051.4
1962.9,1969.8,2007.3,2043.4,2196.1,2225.7,2343.4,2399.5,2449.2,2523.3,2587.2,2615,2630.8,2625.7,2670.7,2713.6,2760.8,2835.4,2896.6,3010.4
2262.1,2308.7,2333.4,2369.5,2439.5,2497.3,2576.1,2627.4,2677.1,2722.5,2738.6,2753.2,2770.2,2796.8,2824.1,2901,2937,2990.3,3063.1,3151.6
2006,2086.8,2175.6,2281.3,2362.7,2494.9,2632.6,2691.2,2725.4,2744.2,2769,2792.7,2810.8,2817.6,2820.2,2804,2844.7,2891.9,3032,3142.9
2170.6,2183.8,2237,2318.9,2383.7,2492.3,2630.4,2698.2,2750.3,2788.7,2826.9,2852.9,2867.3,2883.2,2886.9,2919.8,2972.8,3055.2,3160.9,3297.8
2033.5,2078.4,2209.4,2309.2,2387.9,2484.2,2537.9,2587.9,2642.7,2686.9,2688,2714.7,2803,2848.8,2869,2920.6,2964.4,3053.7,3156,3254.8
2349.1,2393.1,2413.3,2414.6,2490.7,2599.2,2723.4,2788.9,2851,2894.1,2912.6,2972.5,2989.6,3013,3051,3110.1,3162.3,3237.3,3323.6,3426
2200.1,2248.7,2263.3,2291.3,2374.2,2450.4,2507.9,2548.6,2569.8,2585.8,2607,2615.4,2633,2642.8,2640.4,2660.9,2685.1,2731.3,2834.5,2901.9
2114.1,2191.1,2300.2,2412.2,2473.5,2500.3,2525.2,2550.4,2579.1,2608.1,2619.9,2625.6,2645.3,2667.2,2698,2713.4,2797.4,2866.3,3018,3114.9
2317.4,2365.4,2364.6,2390,2446,2530.6,2636.9,2721.1,2815.6,2853.3,2900.1,2951,3003.8,3043.9,3069.9,3076.8,3104.3,3176.3,3233.4,3293.9
2205.3,2217.1,2273.8,2389.9,2499.8,2587.7,2627.1,2651.4,2708.2,2764.7,2839.3,2915.7,2953.9,2980.7,3009.9,3033.1,3070.1,3115,3195.5,3296.5
2167.2,2264.9,2372.7,2442.9,2513.8,2578,2647.2,2687.4,2731.2,2759,2785.6,2804.3,2808.1,2858.9,2900.1,2939.4,3017.4,3067.6,3113.4,3289.2
2094.7,2161.6,2223.1,2306.8,2407.5,2479.2,2529.3,2560.3,2597.9,2618.9,2635.9,2648.2,2675.9,2693.7,2722.8,2769,2815.9,2861.7,2947.6,3010.6
2071.8,2119.9,2182.8,2284.5,2402.7,2487,2523.8,2558,2612.7,2638.4,2661.2,2695.3,2683.4,2706,2741.5,2802.2,2879.7,2961.4,3044,3089
2313.9,2369.4,2368.4,2413.4,2479,2532.9,2572.8,2641.5,2686.4,2758.9,2785.1,2803,2814.3,2831.5,2878.5,2921.5,2972.5,3091.9,3228.2,3306
2049,2109.2,2160.8,2319.6,2437.1,2589.3,2664,2728,2764.5,2817.5,2866,2924.2,2959.6,2986.7,2948.4,3062.9,3174.9,3253.3,3325.3,3375.3
2180,2201,2270.4,2368,2486.8,2570.2,2626.9,2659.6,2666.5,2690.3,2711.1,2716.5,2723.7,2744.3,2787.9,2846.9,2925.3,2965.1,2992.4,3007.3
2329.9,2358.2,2389.3,2480.8,2579.5,2625.5,2656.6,2688.2,2710.9,2741.7,2767.6,2773.8,2783.8,2795.2,2808.7,2834.9,2852.2,2874.4,2900.6,2905.2
2393.5,2400.9,2437.7,2476.4,2492.7,2533.9,2558.5,2580,2607.3,2644,2669.9,2693.5,2735.3,2753.2,2763.9,2792.8,2824,2846.6,2872.9,2901.4
2138.6,2172.6,2206.5,2274.3,2348.6,2398.7,2407.9,2476,2525.1,2576.4,2626.9,2677.7,2727.7,2786.8,2818.7,2828.9,2845,2850,2875.8,2898.8
2173.3,2225.9,2304.2,2359.3,2428.3,2476.7,2485.7,2517.3,2540.9,2566.1,2582.9,2621.3,2668.8,2703.9,2729.5,2754.7,2771.5,2806.6,2815,2826.7
2346,2332.7,2351.6,2402.7,2431.1,2473.2,2504.5,2528.2,2546.2,2547.3,2551.7,2575.9,2616.8,2640.4,2669.3,2686.6,2712.1,2722.9,2735,2741.7
2235.2,2295,2357.8,2386.4,2380.4,2404,2454.6,2478.5,2481.9,2531,2595,2637.1,2660.6,2698.3,2730.7,2777.3,2819.7,2846.4,2887.3,2933.5
2268.5,2304.7,2349.6,2441,2511.5,2551.4,2574.6,2603,2623.3,2646.1,2657.6,2669.9,2677.8,2700,2714.8,2733.5,2755.9,2776,2792.4,2825.4
2042.4,2069.5,2180.3,2288.6,2412.6,2479.2,2508.9,2547.5,2613.3,2644.9,2651.7,2661.4,2677.5,2691.8,2710.4,2733.9,2771.4,2878.5,2958.8,3060.5
2224.9,2266.9,2362.7,2477,2484.9,2551.6,2600.9,2627.7,2646.2,2666.4,2668.6,2691.4,2741.2,2745.7,2765.6,2792.6,2824.4,2866.9,2922,2965.6
2342.8,2351.6,2404.3,2481.2,2584.7,2611.7,2631.7,2646.8,2655.2,2671.8,2698.2,2713.7,2730.7,2748.6,2768.1,2810.6,2845.3,2867.2,2914.9,2974.8
2114.2,2152.7,2177.9,2274.1,2332.3,2362.3,2456.3,2496.8,2532.5,2574.4,2603.3,2642.7,2699.3,2718.2,2780.2,2822.6,2862.5,2870.1,2897.1,2943
2105.4,2152.9,2220.5,2260.2,2319.5,2358.8,2400.2,2462.7,2477.4,2501.7,2568.5,2624.5,2663,2664.9,2733.8,2789.1,2847.6,2876.1,2890,2892.4
2222.7,2235.2,2257.3,2311,2384.3,2462.8,2521.3,2558.1,2610,2648.1,2694.7,2711.1,2736.2,2735.1,2750.2,2764.8,2798.6,2826.1,2849.4,2863.8
2169.6,2158.6,2162.3,2205.3,2277,2343.4,2418.7,2480.6,2517.1,2540.2,2557.1,2579.7,2609.8,2655.8,2691.3,2709,2748.8,2761.1,2801.6,2846.8
2206,2248.1,2280.8,2330.2,2415.9,2455.6,2494.8,2550.6,2563.8,2614.5,2660.4,2702.4,2728.1,2746.1,2763,2776.6,2804.6,2827.3,2859.8,2901.2
2133.7,2164.1,2227.1,2293.1,2372.9,2427.1,2463.7,2499.5,2505.6,2519.8,2560.8,2610.3,2644.3,2667.1,2695.3,2739.6,2771.3,2799.2,2826.8,2854.6
2317,2353.6,2395.9,2515,2544.5,2559.9,2570,2586.7,2606.7,2610.1,2585.2,2577.3,2619.1,2642.8,2709.9,2768.1,2865.6,2942.8,2991.9,3022.9
2101.1,2179.5,2267.4,2342.4,2413.7,2437.7,2447.8,2468,2484.1,2516,2540.6,2558.4,2589.3,2607.1,2654.6,2677.3,2705.9,2738.4,2764.1,2803.5
2134.3,2165.7,2255.5,2359.3,2470.2,2509.2,2514,2558.8,2575.4,2615,2619.9,2643.6,2658.5,2695.9,2739.5,2765.9,2798.6,2811.6,2836.2,2857.1
2113.4,2192,2240.9,2312.2,2386.1,2438.8,2499.9,2527.2,2541,2546.6,2541.2,2539.8,2557.2,2591.8,2641.9,2678.2,2708.3,2753.6,2803.3,2849.8
2060.5,2068.7,2091.7,2162.2,2301.9,2437.1,2494.2,2574.1,2623.5,2662.4,2683.3,2726.4,2755.2,2815.3,2843.3,2895.9,2915.9,2932.4,2942.9,2953.3
2066.4,2127.7,2192.4,2251,2349.7,2412.8,2482.3,2554,2606.5,2626,2654.6,2655.2,2673.8,2692.2,2701.7,2736.1,2782.3,2825.1,2851.6,2882.7
2124.8,2180.1,2322,2429,2515.8,2569.5,2602.1,2639.7,2653.5,2652,2650,2645.9,2647.7,2648.8,2667.2,2697.1,2748.2,2814.9,2897.8,2962.4
2188.8,2195.5,2237.2,2310.6,2382.1,2480,2536.3,2580.7,2611.4,2624.4,2629.4,2636.4,2650.4,2660.1,2676.3,2709.4,2744.1,2814.4,2859.4,2924.1
2185.6,2244.7,2313,2343.1,2415.9,2474.2,2560,2591.3,2651.2,2689.8,2711.3,2715.5,2738.2,2752.5,2797.3,2816.7,2843.3,2885.9,2930.5,2974.2
2270.9,2343.5,2445,2450.1,2470.9,2495.3,2534.9,2571.9,2592.8,2602.7,2627.1,2638.6,2665,2684.4,2725.1,2771.2,2827.3,2884.5,2928.8,2974.4
2091.5,2163.6,2211.6,2244.7,2292,2350.3,2390.5,2504.9,2574,2599.3,2624.9,2649.9,2689.9,2712.8,2744,2745.5,2761.9,2782.6,2821.9,2828.8
2140.9,2183.5,2238.7,2301.9,2333.1,2373.4,2403.1,2402.7,2417.7,2432.7,2457.2,2485.8,2557.5,2615.1,2667.2,2704.8,2722.6,2745.2,2759.5,2789.9
2307.7,2347.3,2368.4,2376.2,2395.8,2416.6,2452.2,2502.6,2534.5,2548.1,2568.8,2590.6,2621.9,2648.9,2682.9,2729.9,2761.8,2770.9,2777.2,2791.2
2116.2,2161.1,2237.3,2323.9,2391.7,2434.7,2471.7,2514.4,2537.6,2553.6,2564,2573.5,2584.4,2614.8,2647.7,2687,2738.9,2794.2,2836.5,2874.5
2100.2,2162.4,2205.5,2231,2247.1,2314,2351.5,2414.2,2456.9,2496.5,2531.1,2555.6,2579,2597.4,2615.2,2641.6,2677.2,2707.5,2731.3,2779.6
2201.9,2260.6,2332.9,2388.6,2435.7,2469.5,2482,2504.1,2511.8,2523.1,2544.3,2565.1,2611.1,2614.7,2624.1,2636.6,2645.5,2700.3,2723.5,2748.2
2219.8,2285.9,2371.7,2404.8,2437.2,2494.1,2507.2,2519.1,2536.6,2563.6,2635.7,2657.7,2675.6,2679.1,2699.5,2714.9,2740,2751.5,2762.5,2782.6
2293.9,2350,2425.9,2503.2,2582.3,2629.5,2662.8,2694.9,2725.2,2751.2,2762.4,2777.2,2777.3,2795.2,2841.8,2907.8,2953.4,2974.6,3016.6,3040.3
2191,2256.4,2321.8,2390.8,2482.9,2570.2,2609.9,2638.4,2656.7,2687,2717.3,2763.8,2785.2,2824.3,2865.7,2934.7,2971.4,3021.6,3043.3,3089.3
2063.5,2172.3,2259.6,2340.3,2508.5,2587.1,2610.1,2633.8,2656.7,2675.8,2699.9,2758.9,2831.1,2878.8,2947.7,2964.7,2987.4,2997.8,3019,3023.5
2150.9,2166.7,2208.1,2281.7,2350.6,2456.6,2521.2,2572,2582.8,2582.8,2605.9,2630.6,2651.3,2670.3,2711.9,2768.3,2803.5,2818.5,2864.8,2903.1
2080.2,2112.2,2193.1,2338,2449.8,2501.5,2541.2,2568.6,2600.4,2610.9,2616.5,2621.8,2614,2629,2630.8,2643.8,2695.8,2776.8,2823,2842.5
2214.4,2285.3,2343.3,2353.2,2419.4,2526.5,2673.1,2752.9,2778.5,2798.9,2806.1,2809.8,2812.2,2820,2837.7,2860.2,2888.6,2960.7,3016.8,3049.1
2225.9,2273.4,2341.8,2427.9,2466.1,2492.6,2515.9,2534.3,2544.2,2546.3,2556.4,2556.7,2555.9,2577.7,2617,2634.9,2669.6,2704.3,2750.2,2780.2
2218,2285.5,2360.6,2453.6,2497.2,2546.1,2584.6,2612.7,2624.4,2637.8,2657.9,2679.1,2699.8,2743,2798.1,2832.2,2855.7,2880.6,2907.4,2919
2435.7,2459.4,2533.1,2605.5,2654.5,2696.4,2726.2,2749.5,2775.6,2791.4,2804.9,2813.8,2817.4,2863.2,2928.4,2960.5,2981.7,3018,3059.2,3085.8
2226.3,2271.8,2334.4,2370.5,2401.5,2455.6,2488.2,2527.4,2571.7,2636.2,2709.1,2726,2738.1,2766.3,2774.1,2805.3,2830.6,2853.5,2891.6,2923.6
2124.1,2188.3,2261.4,2349,2417.4,2557.3,2612.5,2649.6,2710.6,2730.6,2742.5,2757.2,2790.5,2785.8,2847,2867.2,2882.4,2908,2945.6,2955.9
2254.9,2262.9,2309.4,2338.9,2357.5,2447,2548.9,2603.6,2629.2,2665.5,2703.4,2727,2748.7,2779.6,2795.4,2839.4,2896.7,2927.4,2996.5,3062.2
2204.2,2279.9,2377.3,2453.5,2517.5,2557.1,2605.4,2618.7,2641.8,2660.7,2664.9,2673.6,2689.2,2714,2733.7,2749.2,2769.2,2798.1,2824.2,2844.6
2227.9,2288.8,2368.5,2486.6,2566.7,2650,2683.9,2707.7,2728.4,2730.9,2737.5,2742.6,2750.9,2757.2,2772.2,2816.4,2852,2867.5,2903,2922.2
2144.1,2199.7,2278.1,2330.1,2377.9,2424.7,2489.8,2531.5,2629,2671.1,2683.2,2717.8,2777,2836.4,2851.9,2868.3,2887.7,2949.2,2986.2,3013.2
2106.4,2184.9,2265.3,2366.9,2472.2,2523,2558.2,2556.4,2597.8,2622.1,2645.7,2712.6,2784.8,2802.9,2816.6,2853.3,2882.5,2892.6,2906.7,2918.9
2080.9,2141.6,2200.6,2252.3,2289.6,2295.1,2311.1,2353.8,2413.7,2497.7,2545.7,2586.6,2641.8,2650.1,2663.8,2671.5,2677.2,2671.9,2634.3,2664.7
2221.6,2285.9,2352.8,2376.1,2448.6,2484.7,2509.8,2534.4,2563.2,2582.7,2606.3,2622.6,2652.1,2673.6,2687,2699.8,2712.2,2737.6,2770.3,2800.9
2249.4,2296.4,2342.1,2385.5,2414.5,2505.8,2580.9,2660.3,2684.6,2697.9,2705.9,2710.4,2716.6,2732.9,2742.9,2756.2,2777.9,2814.3,2861.3,2903.6
2244.6,2295,2348.7,2425.2,2501.1,2524.6,2564.9,2577.4,2585,2597,2604.5,2613.6,2618.7,2628.1,2653,2674.4,2717.9,2762.4,2819.5,2894.6
2218.2,2312.9,2376.9,2452.1,2484.7,2523.7,2563.3,2576.5,2585.7,2621.3,2621.7,2615.5,2636.6,2660.6,2713.1,2766.8,2823.9,2879.3,2978.9,3104.7
2256.5,2330.1,2380.4,2443.9,2518.8,2556.4,2589.8,2607.9,2640.5,2646.4,2685.9,2706.4,2739.3,2828.4,2871.3,2891.7,2926.9,2972.4,3034.6,3065.8
2196.8,2250.5,2302.1,2367.7,2422.5,2461.8,2481.7,2487.7,2506.8,2530.2,2552.7,2589,2597.6,2601.9,2605.6,2605.8,2600.7,2606.2,2636.3,2662.4
2218.6,2265.4,2313.2,2341.8,2386.9,2446.4,2483.4,2473.8,2475.1,2494.3,2516.3,2567.4,2596.6,2625.7,2641.8,2679.8,2703.4,2728,2743.5,2757.7
2346.9,2449.3,2479.4,2508.6,2544.8,2541.6,2553.5,2606.7,2683.7,2765.7,2783.3,2800.7,2807.6,2838.6,2863.8,2887.5,2897.7,2909.7,2903.9,2899.1
2247.3,2319.9,2374.8,2424.9,2469,2553.9,2601.6,2626.7,2672.5,2687.3,2700.4,2709.6,2742.9,2779.4,2802.9,2845.1,2915.5,2953,2995.9,3044.2
2121,2233.8,2289.3,2315.4,2384.3,2443.3,2506.4,2580.2,2606.1,2658.7,2681.4,2744.8,2778,2806.1,2815.6,2846.9,2862.1,2883.9,2900.7,2961.5
2179,2256,2298,2323.3,2327.9,2388,2469.1,2531.2,2596.3,2635.1,2647.3,2665.7,2665.3,2665.7,2681,2704,2728.4,2800,2850.7,2892.8
2224.9,2278.4,2341.5,2418.8,2488.5,2516.2,2549.6,2577.8,2589.8,2595,2599.4,2599.8,2594.9,2601.4,2614.4,2637.2,2648.1,2647.7,2686.2,2719
2279.9,2378.9,2482.3,2528.3,2580.8,2633.4,2684.6,2740.3,2782.6,2813.4,2841.7,2852.6,2860.2,2868.3,2874,2885.4,2895,2912.9,2951.2,2988.9
2244,2324.8,2385.7,2426,2451,2505.1,2557.4,2674.1,2725.3,2783.4,2820.7,2845.6,2879.6,2899.4,2945.1,3004.7,3055.4,3118.5,3158.1,3217.6
2443.5,2452.8,2470.5,2484.1,2512.3,2535.3,2557.1,2593.7,2617.7,2628.9,2661.1,2697.7,2723.1,2748.7,2790.4,2847.2,2920.8,2976.9,3051.2,3100.4
2510.3,2543.9,2564.6,2581.7,2584.7,2592.9,2601,2601.7,2608.4,2631.9,2666,2690,2729.5,2792.9,2834.5,2875.6,2941.1,3055.9,3123,3172.6
2472.1,2520.3,2573.8,2591,2618.4,2646.4,2651.6,2660.8,2672.3,2687.1,2710.5,2720.4,2760.2,2810.1,2885.1,2951.3,3004.9,3087.7,3146.4,3263.2
2456.2,2468.6,2476.5,2503.1,2507.9,2510.7,2521.4,2546.7,2564.6,2584,2640.6,2667.9,2721.3,2771.6,2839.3,2902,2971.6,3078.5,3187.7,3286
2404.1,2422.5,2457.4,2471.3,2490.7,2500.3,2520.6,2531.4,2544.6,2579,2589.3,2603.6,2641.1,2673.8,2698.1,2736.8,2817.2,2883.2,2938.2,2997.7
2470.1,2502.6,2534.8,2540.4,2561.9,2578.2,2595.9,2627.5,2651.4,2665.6,2671.7,2674.6,2718.1,2742.9,2778.1,2821.5,2888.6,3017.2,3152.6,3265
2414.9,2445.7,2478.3,2507.3,2530.3,2560.4,2591.1,2624,2642.3,2683.1,2716,2753,2793.5,2824.8,2866.6,2939.8,3014,3068.5,3166.9,3282
2348.9,2363.9,2381.2,2408.8,2434.1,2442.5,2447.5,2454.3,2461.1,2473.9,2490.2,2515.7,2536.4,2560,2623.2,2687.4,2750.6,2823.5,2920.7,3060.3
2453.3,2440.9,2472,2506,2550.2,2586.1,2613.4,2636.8,2639.4,2634.9,2674.8,2703,2738,2796.8,2855.3,2910.6,2975.5,3068.9,3154.5,3184.2
2467.9,2511.6,2547.2,2570.7,2587.5,2608,2622.8,2627.4,2631.3,2636.2,2640.9,2655.3,2676.2,2713.1,2757.6,2878.8,2958.3,3039.5,3136.1,3179.4
2428.4,2448.1,2462,2533.8,2576.4,2602.3,2621.6,2634.7,2650.1,2652.3,2656.1,2677.5,2709.5,2750.9,2808.3,2912.2,2958.9,3092.2,3164.9,3239.2
2430.5,2471.4,2495,2511.7,2517.9,2530.2,2546.1,2575.7,2606.6,2628.4,2636.8,2643.8,2681.3,2742.5,2803.8,2952.3,3061.1,3157.1,3308.9,3346.8
2379.9,2410.4,2440.6,2459.7,2472.5,2487.3,2496.8,2508.3,2515.7,2523.7,2547.2,2576.9,2588.2,2624.1,2645.9,2698.2,2752.8,2807.3,2881.4,2942.2
2498.4,2517.1,2525.3,2557.5,2602.8,2645.7,2678.7,2694.2,2730.9,2742.1,2749.6,2765.8,2786.4,2818.2,2840.4,2869.6,2961.5,3051.7,3119.4,3195.9
2399.2,2415,2447.1,2509.4,2541.9,2561.8,2586.7,2611.2,2632.1,2670,2724.2,2776.2,2837.1,2889.6,2935.3,2994.6,3101.1,3262.1,3330.2,3446.5
2404.1,2409.9,2431.5,2453.2,2463.5,2473,2488.7,2500.4,2519.2,2535.5,2555.8,2579.8,2631.4,2652.1,2685.3,2724.9,2767.9,2840.4,2939,3081.1
2467.4,2495.1,2523.9,2556.4,2582.3,2625.6,2652.3,2670.4,2670.5,2696.1,2719.9,2789.1,2833.9,2898.4,2976.8,3075.5,3131.4,3170.7,3200,3226.6
2487.8,2508.2,2537.8,2556.1,2568.4,2566.5,2567,2572.7,2584.5,2637.2,2726.4,2763.1,2802.2,2867.8,2904.4,2927.7,2985.3,3051,3109.2,3176.1
2430.3,2481.4,2503.3,2520.1,2543.3,2570.2,2595.7,2608.4,2621.2,2613,2652,2736,2777.8,2827.4,2882.2,2977.8,3166.6,3252.9,3303,3348
2364.4,2399.3,2437.7,2466.3,2472.3,2488.8,2518.4,2519.5,2525.5,2554.5,2587.3,2629,2687.6,2762.2,2855.3,2927.4,2981.9,3034.4,3102,3203.7
2366.3,2410.1,2445.6,2464.3,2473.9,2476.8,2482.1,2488.4,2499.2,2511.8,2529.8,2556.8,2588.1,2650.3,2711.5,2787.2,2872.1,2988.8,3114.6,3189.9
2378.2,2378.3,2399.4,2453.5,2497.1,2544.8,2571.9,2585.2,2591.9,2605,2613.5,2636.2,2647.7,2642.2,2674.8,2745.6,2899.8,3023.7,3109.4,3199.2
2321.9,2373,2422.9,2475.7,2503.9,2534.6,2546.9,2555.6,2557.7,2560.9,2564.1,2572,2581.1,2592.9,2618.2,2657.3,2761.4,2813.7,2944.2,3073.5
2460.6,2502.2,2523,2529,2538,2547.4,2561.8,2570.6,2581,2599,2597.6,2612.3,2640.3,2694.9,2792,2861.2,2988.1,3079.2,3145.9,3201.1
2399.3,2436.6,2455,2485.8,2522.2,2554.5,2578,2600.3,2616.8,2622.7,2632.3,2643.7,2671.4,2716.9,2768,2809.6,2865.2,2950.1,3072.7,3158.9
2454.6,2473.6,2526.8,2551,2562.3,2564.8,2573.2,2580.9,2592,2619.5,2631.2,2644.5,2649.6,2687.2,2720.3,2784,2855,2973,3058.9,3121.2
2435.7,2491.1,2525.4,2578.8,2603.1,2627.6,2647.8,2651.9,2668,2671.2,2699,2767.1,2836.3,2893.2,2936.6,2975.6,3017.4,3085.4,3144.4,3281.1
2486,2511.4,2528.7,2536.9,2551,2564.8,2596.5,2622.8,2647.5,2677,2686.8,2698.2,2729.7,2778.9,2836.3,2931,3066.9,3166.2,3235.9,3279.1
2365.1,2399.4,2415.3,2425.8,2430.7,2438.9,2443.4,2461.1,2475.9,2502.4,2541.6,2602.2,2637.7,2670,2715.8,2755.7,2804.2,2866.3,2946.4,3021.2
2424.4,2462.1,2510.8,2521.2,2538.6,2554.5,2583.5,2590.8,2604.4,2612.8,2628.7,2650.8,2680.8,2705.4,2748.3,2798.7,2824.5,2908.5,2996.6,3106
2388.5,2417.5,2446.5,2483.2,2519.9,2559.7,2583.3,2602.7,2623.9,2657.5,2693.4,2746.8,2801.2,2845,2886.9,2937.5,2987.4,3110.1,3221.7,3313.7
2318,2385.5,2406.2,2418.2,2425.4,2429.8,2437.5,2449.4,2460.5,2472.1,2492.2,2510.3,2560.2,2591,2631.1,2726.7,2818.8,2884.4,2957.3,3076.2
2520.2,2549.9,2578,2599.6,2624.4,2637.3,2648.8,2657.4,2672.8,2692.8,2711.3,2764.8,2802.9,2851.1,2884.2,2936.6,3025,3146.7,3257.2,3333.6
2494.6,2500,2542.4,2577.1,2600.7,2611.9,2618.9,2628.5,2636,2633.7,2645.8,2696.6,2716.5,2746.6,2773,2806.1,2844.3,2899.7,2938.6,3002.7
2543.3,2573.2,2592.3,2631.7,2679.7,2697.6,2709,2752.9,2771.1,2781,2817.5,2886.8,2937.7,2972,2982.7,3073.5,3179.9,3235.5,3273.7,3307.3
2398.4,2453.8,2499.8,2576,2637.6,2692.6,2726.8,2738.4,2733.4,2750.7,2814,2900,2971.8,3022.5,3069.1,3113.7,3168.4,3222.6,3297.8,3369.3
2476.8,2494.7,2521.1,2542.8,2561.6,2577.4,2586,2651.7,2681,2708.1,2746.2,2786.7,2815.6,2841.5,2876.7,2883.1,2939.6,2996.7,3064.6,3151.2
2403.9,2439.8,2457.8,2472.3,2489.9,2517.1,2537.1,2577.5,2621.1,2689.7,2720.2,2746.1,2786.6,2823.7,2883.5,2958.2,3069.4,3153.9,3228.7,3313.7
2476.2,2523.3,2534.3,2535.3,2563,2581.9,2593,2606.5,2616.8,2616.1,2627.4,2641.2,2666,2694.9,2739,2773.8,2821,2912.2,2982.2,3051
2487.6,2553.5,2620.2,2660.1,2687.8,2717.4,2734.7,2758.4,2741.2,2775.2,2804.4,2853,2888.8,2949.9,3010.1,3091.8,3159.6,3201.1,3285.2,3357.7
2462.1,2523.5,2566.7,2589.1,2608.6,2611.2,2619.5,2633.9,2644.3,2650.1,2667.7,2683,2721.6,2782.4,2853.1,2915.6,3019.2,3130.4,3216.8,3299.6
2453.2,2480.1,2497.6,2527.7,2561.6,2563.1,2575.5,2588.1,2605.5,2615.5,2621.8,2645.6,2689.4,2728,2787.6,2867.3,2908.1,2952.6,3009.5,3047.2
2488.9,2542.8,2571.3,2606.9,2640.6,2662,2695.1,2723.8,2756.2,2749.4,2759.3,2826.8,2894.1,2941.2,3027.5,3111.3,3242.7,3302.6,3341.9,3373.1
2382.1,2438.6,2489.9,2515.4,2560.4,2608.4,2677.2,2709,2745.5,2791.7,2841.4,2912.2,2970.7,3024.9,3101.7,3170.3,3237.9,3311.1,3374,3467.8
2521,2549.8,2572.3,2590.1,2600,2618,2629.7,2656.2,2655.3,2673.1,2704.6,2742.4,2801.2,2868.5,2891.6,2917.7,2936.3,2982.3,3020.3,3085.4
2422.6,2432.6,2464,2481.9,2506.4,2523.9,2542.7,2560.2,2589.3,2615.2,2623.1,2673.7,2756.2,2858.3,2949.7,3017.2,3113.6,3159.5,3213.9,3296.3
2464.6,2485,2486.7,2497.9,2535.6,2559.8,2582.2,2592.7,2593.7,2607.6,2629.5,2649.8,2663.8,2684.2,2737.7,2792,2912,2952.8,3039.9,3080.9
2505.3,2579.7,2635.1,2671.1,2705,2732.2,2748.6,2763.6,2781.4,2790.7,2803.4,2827,2875,2956.5,3030.6,3091.3,3167,3230.1,3300.7,3380.9
2442.1,2493.2,2514.7,2536.8,2558.8,2586.4,2600.3,2631.9,2665,2669.6,2727.9,2792.2,2868.2,2957,3037.8,3156.9,3216.6,3273.5,3332.1,3387.7
2362.1,2401.7,2453.5,2472.8,2496.5,2503.7,2515.5,2526.3,2540.6,2551.4,2573.1,2618.8,2681.1,2744.8,2782.1,2898.9,3099.4,3173.1,3228.9,3305.2
2379.6,2374.7,2419.9,2453.5,2480.7,2499.3,2530,2555.3,2575,2589.9,2613.3,2641.9,2670.1,2695.7,2744.2,2853.6,2961.8,3076,3153.6,3228.9
2475.5,2513.7,2546.8,2564,2571.1,2593.6,2603,2626.6,2645.3,2665.9,2686.5,2727.6,2779.3,2807.9,2855.9,2934.9,3046.9,3143.7,3278.8,3341.1
2377,2438.1,2490.4,2536.9,2558.5,2568.9,2583.3,2594.7,2601.4,2602.5,2596,2627.7,2710.3,2834.9,2961.3,3102.1,3206.5,3254.5,3316.6,3369.8
2467.5,2496.6,2533.3,2559.4,2590.1,2615,2632.6,2657.6,2676.6,2680.1,2668.4,2721.6,2812.5,2884.9,3035.9,3121.2,3158.1,3207.7,3248.4,3277.1
2430.9,2475.4,2515.3,2512.8,2531.1,2547.5,2561.1,2570.5,2585.2,2586.7,2580.1,2588.4,2645.1,2694.9,2733.3,2782.4,2896.2,2975,3063.8,3181.1
2426.1,2461.9,2509,2532.6,2576.5,2629.7,2684.6,2714.4,2753.9,2773.6,2790.7,2818.9,2882.5,2945.4,3024,3116.5,3184.7,3243.5,3296.2,3312.8
2440.5,2460.9,2501.7,2550.7,2578,2595.8,2609.3,2621.1,2623.8,2640.3,2664.1,2701.9,2740.4,2785.1,2814.2,2867.6,2985.6,3064.4,3113.4,3162.3
2457.1,2487.6,2524,2564,2583.6,2603.4,2610.4,2624.8,2653.7,2648.7,2659.8,2661.4,2692.2,2752.3,2806.7,2868.7,2943.5,3040.1,3121.3,3172.5
2535.7,2556.9,2572.6,2604.3,2638.7,2670.5,2696.6,2715.8,2733.8,2713.5,2738.9,2821.5,2860.2,2912,2979.2,3030.3,3084.9,3138.9,3202.7,3228.1
2408.6,2436,2482,2504.1,2516.9,2546.1,2578.2,2616.6,2644.4,2691.5,2740.9,2803.3,2874.3,2931.7,3003.3,3081.1,3154.6,3200,3246.6,3324.1
2423.2,2454.5,2504.1,2508.2,2525.7,2545.7,2565.1,2597,2626.5,2622.3,2651.7,2714.6,2770.7,2839.8,2883.9,2910.4,2981.4,3070.9,3145,3201.7
2381,2422.9,2450,2456.5,2463.8,2475,2485.3,2498,2504.4,2544.9,2585.2,2611.8,2666.3,2724,2787.3,2883.2,3016.5,3104.6,3181.2,3222.3
2407.5,2455.9,2492.3,2516.7,2543.7,2553,2551.8,2556.1,2580,2601.4,2614.6,2636.7,2677.8,2725.5,2779.3,2833.6,2924,2987,3080.9,3168.8
2529.9,2559.1,2612.8,2670.5,2692.5,2712.8,2717.4,2700,2701.1,2705.9,2731.7,2764.2,2806.3,2855.9,2900.8,2959,3031.1,3100.7,3173.8,3262.4
2422.1,2468.4,2507.5,2550.1,2578.9,2617.7,2649.3,2676.5,2702.7,2750,2757.5,2749.2,2791,2883.9,2919.1,2984.8,3063.6,3130.8,3215,3271.9
2183,2218.1,2219.2,2212.4,2201.2,2196.7,2206.4,2220.4,2261.3,2304.7,2345.5,2388.1,2426,2474.8,2502.2,2523,2535.3,2554.9,2574.1,2582.6
2241,2265.4,2287.1,2301.3,2317.5,2327.4,2344.9,2352.8,2373.6,2403.6,2425,2459.9,2491.3,2510.8,2528.1,2541.4,2540.2,2555.1,2572.9,2582.3
2200.5,2239.8,2271,2300.9,2323.1,2349.7,2352.7,2347.1,2384,2408.9,2431.1,2473.1,2522.9,2565.8,2594.2,2616.9,2643,2666.5,2683.6,2710.2
2026.7,2039.1,2055.5,2064.9,2068.7,2074.1,2066.6,2092,2142.5,2211.8,2276.7,2358.9,2420.3,2463.6,2480.3,2488.8,2498.2,2508.7,2516.3,2551.1
2028.5,2074,2113.5,2144.4,2154.9,2172.4,2193.8,2202.3,2241.2,2296.6,2356.7,2417.6,2473.1,2502.1,2527.4,2559.5,2567,2575.5,2584.8,2590.3
2201.8,2234.2,2256.9,2266.6,2272.7,2280.5,2289.3,2304.2,2332.4,2376.1,2428.6,2473.2,2539.7,2606.6,2666.5,2715.4,2744.8,2764,2781.8,2796.2
2116.8,2136.4,2157.9,2167.2,2172.1,2178,2175.7,2188.6,2222.7,2277.4,2330.1,2389.6,2463,2538.6,2579.1,2608.5,2631.4,2656,2672.6,2685.9
1994.9,2065.5,2145.3,2195.9,2226.3,2246.8,2260.9,2265.4,2292.2,2354.8,2418.8,2476.5,2524.2,2551.7,2569.2,2591.4,2595.7,2602.1,2607.8,2616
2106.4,2127.9,2131.1,2129.1,2151.7,2174.5,2183.8,2208.5,2242.7,2292.1,2367.8,2435.1,2474.6,2537.7,2585.6,2600.8,2610.8,2619.8,2633.6,2641.9
2163.6,2196.8,2224.2,2250.6,2271,2275.9,2290.9,2309.7,2356.9,2422.1,2474.3,2529.1,2557.3,2565.1,2583.2,2609.8,2621.9,2632,2644.3,2654.5
2212.5,2276.8,2323.3,2349.8,2348.4,2338,2339.4,2350.3,2380.6,2427.9,2463.6,2503.3,2544.2,2568.9,2578.1,2589.8,2597.6,2605.2,2622.9,2630
2061.6,2085.6,2105.6,2103.8,2124.2,2135.8,2146.6,2158.8,2213.7,2268.1,2342.8,2390.9,2459.4,2511.7,2541.8,2546.3,2544.3,2543.4,2550.7,2562.7
2000.3,2035.6,2065.7,2078.7,2097.5,2101.2,2110,2122.6,2168.5,2228.6,2292.1,2382.7,2475.6,2540.2,2563.4,2582.3,2601.7,2607.4,2620.3,2630
2122.7,2152.2,2184.4,2197.9,2206.3,2207.7,2208.4,2249.6,2313.5,2350.7,2405,2459.1,2491.5,2524.6,2556.4,2578.1,2603,2618.9,2628,2631.8
2083.7,2128,2155.5,2183.8,2211.3,2227.9,2247.4,2266.9,2302,2354,2421.3,2484,2526.5,2634.8,2672.6,2717.1,2746,2767.2,2792.9,2807
2071.4,2092.3,2118.1,2137,2147.1,2143.2,2170.9,2206.6,2257.4,2307.5,2339.7,2385.1,2450.9,2545.6,2598.2,2608,2615.7,2626.1,2638.3,2645.2
2114,2150.2,2189.6,2227.1,2258.7,2261.3,2266.6,2279.6,2299.5,2367.5,2423.6,2498.8,2556.8,2610.7,2645.5,2673.1,2685.2,2689.4,2690.3,2696.5
2083.8,2169.6,2238.3,2260.3,2269.2,2282.4,2286.6,2308.5,2330.3,2388.6,2488.1,2582.3,2639,2673.2,2692.7,2702.8,2707,2716,2729.5,2752.4
2148.3,2195.9,2217.7,2227.1,2229.1,2242.4,2250.1,2245.1,2300.9,2353.9,2400.2,2446.3,2489.4,2525.1,2560.6,2604.3,2609.2,2608.4,2616.3,2619.6
2126.6,2196.2,2240,2256.6,2271.2,2269.8,2271.2,2312.4,2361.9,2421.3,2471.7,2516,2543.4,2570.7,2588.8,2604.1,2617.6,2627.7,2644.7,2662.5
2039.8,2082.4,2131.5,2164.3,2155.6,2178.3,2212.7,2268.4,2330.4,2378.6,2429.1,2456.8,2470.3,2491.5,2509,2518.3,2525.2,2535.9,2543.3,2546.3
2067.1,2099.8,2117,2135.4,2139.3,2144.3,2151.6,2173.9,2236.2,2315.2,2443.3,2514.6,2570.6,2610.8,2639.1,2649.9,2655.7,2662,2662.7,2661.4
1894.1,1986.2,2041.2,2081.9,2092.6,2107.7,2148.3,2217.4,2313.7,2378.9,2454.2,2523.7,2565.1,2607.6,2622.9,2633,2640.5,2647.7,2654.8,2668.9
2064.1,2109.1,2143.8,2141.5,2122.5,2126.7,2175.5,2207.7,2242.3,2302.2,2405.4,2482.9,2507.1,2519.7,2524.3,2532.9,2542.9,2556.3,2555.4,2564.3
2024.3,2050.7,2096.1,2125.1,2151.9,2149.7,2146.4,2149.3,2188.2,2250.6,2313,2356.7,2420.9,2484.3,2521.5,2559.8,2582.8,2600.6,2609.1,2613.7
2136,2183.7,2239.9,2280.7,2298.5,2302,2317.1,2338.5,2357.9,2401.6,2419.8,2459.4,2488.6,2517.1,2546.4,2557.3,2578.1,2600.2,2614.8,2624.3
2233.7,2270.3,2286.4,2293.5,2300.7,2309,2333.2,2363.3,2401.2,2432.5,2462.5,2478.6,2499.3,2518.1,2524.7,2538.2,2539.9,2544.9,2553.6,2566.7
2051,2079.6,2100,2101.2,2097.3,2098,2113.2,2146.5,2200.3,2280.7,2351.8,2405.8,2451.3,2495.5,2529.2,2550.1,2563.2,2571.2,2573.8,2578.4
1961.1,2003.3,2027.5,2048.6,2060.5,2081.1,2128.5,2201.7,2273.3,2331.7,2408.3,2487.8,2535.7,2561.2,2575.2,2599.1,2606.7,2618.9,2632.7,2648.5
2088.2,2120.6,2142.6,2163.3,2149.4,2151.1,2202.7,2224.3,2300.6,2364.2,2418.7,2479.5,2515.2,2548.9,2583,2615.1,2631,2636.2,2644.2,2644.4
2075.3,2090,2110.2,2116.5,2145.8,2167.8,2201.2,2239.4,2281,2332.8,2398.3,2482.7,2549.5,2587,2614,2630.7,2643.6,2659.4,2677.1,2697.4
1970.8,2050.2,2112.1,2148.3,2182.6,2219.3,2245.6,2301.8,2366.2,2421.1,2454.8,2500.2,2540.2,2567,2581.4,2593.1,2597.7,2602.8,2610.8,2625.1
2143.6,2182,2234.6,2263.5,2269.5,2271.1,2280.5,2305.1,2347.9,2402.6,2467.7,2521,2563.4,2602.6,2634.4,2651.8,2656.6,2661.1,2664,2667.4
2086.5,2113.3,2123.7,2128.2,2135.1,2158.8,2206,2245.8,2344.8,2442.5,2515.2,2555.3,2594,2618.8,2624.5,2630.1,2637.3,2645.2,2656.4,2670.7
2274.4,2324.3,2371.2,2402.8,2422.5,2418.8,2408.2,2410.6,2421.7,2451.8,2480.4,2514.1,2551.6,2589.2,2614.3,2631.1,2639.2,2645.3,2649.6,2656.4
2228.9,2280.4,2315.8,2332,2332,2311.1,2313.2,2335.5,2359.5,2401.9,2450.9,2490.9,2533.4,2569.7,2610.3,2618.5,2631.2,2642.8,2666.6,2678
2152.7,2224.8,2262.3,2279.5,2279.3,2294.9,2270.3,2276,2304.8,2374,2437.5,2498.8,2555.6,2607.2,2667.1,2700.5,2713.7,2728.2,2730.2,2744.9
2158.1,2188.3,2216.9,2254.4,2272.8,2297.4,2308.5,2335.2,2365.7,2415,2462.7,2498,2543.5,2568.9,2605.5,2645.4,2658.1,2674.7,2702.9,2729.8
2147.8,2204.6,2235.5,2250.6,2295.7,2293.9,2308.5,2341.1,2388.1,2420.5,2484.5,2530.8,2554.3,2561.4,2568.8,2576,2583.9,2588.6,2593.2,2598.5
2220.2,2258.7,2298.5,2339.2,2353.7,2384.1,2402.2,2434.5,2473.4,2529.4,2560.7,2582.3,2612.5,2632.2,2643.2,2650.2,2656,2668.4,2676.6,2683.1
2162.4,2210.6,2267.5,2314.9,2315,2308,2321.9,2350.1,2398.7,2451.2,2508,2549.2,2568.3,2587.7,2607.5,2621.2,2630.2,2641.8,2652,2667
2100.5,2135.9,2176.9,2210.1,2238.6,2246.4,2269.2,2333.6,2377.4,2434.9,2462.1,2479.2,2489.8,2507.1,2512.3,2518.3,2535,2558.2,2589.6,2615.2
2118.6,2179.6,2203.2,2217.9,2232.8,2254.5,2291.1,2330.7,2376.7,2431.3,2503,2562.4,2596.6,2628.6,2650.7,2662.8,2672.1,2676.4,2679.5,2694.6
2173.7,2207.2,2238.7,2269.2,2259,2263.1,2273.6,2313.7,2380.3,2460.1,2526.8,2556.5,2582,2612.2,2635.8,2636,2639.7,2651.5,2674.1,2692.6
2171.5,2241,2300.6,2336.4,2347.2,2360.1,2384.3,2425.3,2456.8,2473.5,2504.2,2528.8,2560.6,2606.9,2649.5,2672.1,2681.4,2697.1,2701.7,2712.9
1996.7,2004.3,2027.8,2048.9,2050.8,2064.3,2084.3,2133.3,2185.2,2234.1,2283,2329.9,2398.3,2464.9,2524.9,2556.7,2574.6,2599.8,2636.7,2652.7
2128.8,2173.8,2190,2182.8,2188.6,2190,2219.1,2254.6,2307.4,2373.3,2428.4,2478.2,2512.7,2527.3,2539.1,2543.3,2544.2,2550.8,2558.7,2564.2
2108.1,2155.5,2177.7,2205.2,2229.5,2249,2289.7,2333.1,2397.4,2443.5,2501.5,2540.5,2573.5,2600.6,2627.2,2653.8,2676.3,2687.9,2713,2739.1
2097.7,2119.7,2143.4,2178,2197.9,2230.9,2251,2295.7,2342.8,2388.9,2441.3,2499.7,2547.9,2595.4,2627.9,2655.7,2703.9,2729.4,2736.7,2750.6
2082,2104.5,2115.5,2126.6,2167.9,2215.8,2277.7,2372.3,2461.5,2530.2,2581,2619,2647.5,2686.4,2701.3,2719.5,2741.4,2762.7,2775.4,2781.1
2043.1,2071.7,2078.9,2072.9,2069.3,2057.9,2090.4,2131.5,2194.8,2286.8,2377.7,2448.9,2509.2,2541,2563.2,2578.6,2590,2589.8,2585.4,2582.3
2178.3,2201.2,2221.1,2245.9,2264.3,2283.5,2308.5,2336.7,2350,2384.7,2421.5,2475.2,2509.8,2542.3,2575.6,2591.7,2602.4,2619.1,2623.5,2629.7
2235.1,2229.4,2238.6,2228.3,2213.1,2228.9,2248.3,2314.7,2362.3,2409,2450,2489.3,2502,2510.1,2515.9,2521.6,2535.4,2548.3,2561.7,2574.3
2189.9,2214.7,2246.1,2256.5,2263.1,2272.9,2281.1,2305.9,2323.2,2341.1,2368.3,2395.9,2423,2445,2454.6,2466.1,2478.9,2491.5,2497.7,2510.2
2080.4,2122.5,2153.8,2189.6,2175.5,2180.3,2199.9,2252.1,2304.7,2352.4,2408.7,2454.4,2491.6,2533.5,2558,2573.1,2592.5,2603.2,2630.8,2633.7
2181.5,2204.8,2232.2,2251.5,2268.4,2272,2271,2281.3,2323,2371.1,2403.2,2450.5,2497.7,2531.7,2555,2568.4,2585.4,2596.8,2611.3,2620.1
2145.1,2171.4,2197.7,2219.3,2219.1,2198,2209.2,2231.1,2256.3,2285.5,2329.4,2394.4,2461.7,2511.1,2540.7,2552.1,2553.3,2557.1,2562.7,2571.6
2007.5,2032.7,2061.1,2093.8,2112.4,2134.8,2170.7,2209,2254.2,2343,2414,2475.2,2519,2548.2,2582.8,2608.7,2619.4,2621.9,2627.5,2623.2
2282.4,2337.1,2383.8,2392.5,2417.4,2395.2,2384.9,2367.2,2404.7,2460.7,2510.7,2554.3,2592.5,2616.9,2655.5,2668.6,2678.5,2681.4,2678.4,2677
2174.1,2211.9,2237,2253.4,2244.6,2246.8,2233.2,2260.8,2300.4,2349.4,2418.6,2489.3,2555.9,2605.4,2641.8,2682.7,2699.5,2704.1,2726.2,2733.6
2158.6,2219.3,2266.7,2304.6,2317.6,2331.9,2346.3,2389.3,2419.3,2463.9,2525.1,2580.6,2632.4,2678.4,2709.8,2725.7,2737.2,2750.2,2757.9,2764.2
2049.6,2080.4,2120.8,2158.2,2185.2,2211,2235,2263,2299.6,2332.1,2368.2,2419.5,2470.8,2515,2557.9,2579.1,2606.6,2645.1,2670,2711
2116.8,2159,2186.7,2203.6,2216.2,2215.5,2236,2248.2,2276.4,2343.9,2399.5,2456.7,2506.4,2536,2550.6,2559,2561.1,2562.8,2564.9,2565.9
2117.9,2159.7,2202.2,2246.8,2263.5,2274.7,2317.9,2383,2480.3,2544.5,2584.4,2623,2643.4,2671.7,2691.6,2696,2701,2704.7,2713.1,2724.6
2198.9,2229.3,2264.1,2307.8,2349.6,2369.4,2401.7,2424.9,2474.4,2525.9,2574.2,2596.6,2643.7,2676.1,2703.5,2735.2,2752.8,2766.7,2767.3,2796.1
