e1,e2,e3,e4,e5,e6,e7,e8,e9,e10,e11,e12,e13,e14,e15,e16,e17,e18,e19,e20
772.2,829.7,857.1,893.3,852.5,805.3,792.5,770.3,770.8,819.7,821.2,822.3,831.6,838.1,832.6,792.2,772.7,777.8,770.8,802.1
776.1,800,805,855.1,836,833.7,807.9,744.6,702.9,715.4,726.2,735.7,781.2,769.7,771,791.9,807.3,822.3,909.5,980.9
605,627.9,677.5,691.2,689.9,678.9,658.7,643.1,675.4,627.3,521,559.2,573.2,571.5,590.3,642.3,655.2,649.4,675.5,732.5
548.7,610.4,642.5,769.2,816.6,774.6,671.6,659.1,599.3,639.5,643.5,707.4,733.3,786.8,778.1,805,770.9,771.5,781.8,866.8
772.4,801.2,765.8,787.5,773.3,745.4,641.2,591.5,573.5,578.3,599.8,596.1,607.7,632.6,640.9,672.9,728.4,740.6,763.9,794.8
683.5,721.2,768.1,734.8,777,743.7,675.9,592.8,558.1,552,558,564.4,585.5,604,632.4,703.5,704.2,715.3,710,722.3
618.7,667.5,731.1,756.6,761,777.2,741.1,736.5,738.2,746.2,730.9,722,802.4,800,846.1,837.9,882.3,879.8,931.8,943.5
678.6,712.6,747.2,738.7,662.8,654,652.3,629.8,610.3,653,654.2,664.1,650.4,680.4,690.7,704.1,740.6,753.1,803.4,844.9
773.1,849.7,856.9,866.2,780.5,753.3,763,744.2,737.3,698.6,711.2,727.6,729.3,744.4,757.5,766.8,772.2,767.3,761.6,806.4
758.6,834.7,913.6,955.8,928.1,860,751.1,689.9,658.7,672.7,691.4,721.1,719.6,713.5,724.1,712.9,729.2,691,666.7,648.7
662.8,681.7,715.2,767.5,795.3,791.1,806.5,824.2,699.1,635.4,605.2,628.9,656.3,648,758.2,783.7,791.8,786.5,860,937.5
661.6,744.3,840.3,871,907.6,879.2,734.2,726.3,653.9,652.1,700.8,764.6,799.6,877.6,907.9,928,939.2,940.1,962.1,1038.7
631.2,672,719.7,801.4,777.9,803.7,792.1,797.2,736,680.1,686.7,701.5,711.5,694.7,703.7,719.8,731.2,801.9,802.6,838.7
755.9,856.9,881.2,859.7,809,656.9,632.2,625.3,630.7,637.5,680.2,683.5,716.6,724.8,730.8,756.8,759.9,757,803.6,796.8
729.3,728.5,761.1,733,729.7,702,672.3,657.2,669.3,708.7,735.3,752.3,799.3,847.7,908.9,905.9,871.6,807.9,759.3,746.1
688.7,712.9,697.7,706.9,705.3,699,724.5,721.8,671.7,675.3,715.3,767.1,786.9,786.9,820.8,884.1,929.1,920.8,924.4,1012.7
702.1,724.2,779.7,809.7,825.8,793.6,780.8,756.3,718.1,719.5,717.3,728.8,713.8,684.3,659.4,674.2,695.1,706.3,727.6,759.6
684.5,685,703.7,692.8,726.3,589.2,506.2,513.7,535.5,585.7,598.3,636.9,627.6,610.8,627.1,609.4,586.5,571,603.3,613.4
751.5,756.5,837.8,870.3,767.5,706.3,633.5,593.4,588.3,619.7,633,673.3,724,820.4,822.2,812.8,808.9,826.3,828.2,815.6
618.5,660.2,724.3,751.3,729.5,663.9,582.8,614.1,612.7,634,638.9,633.7,613.3,593.1,594,596.8,625.9,702.1,811.8,893
712.6,725.8,692.8,669.2,672.8,668,659.5,680.9,722.3,741.4,772.6,814.1,828.9,836.5,800.2,798.7,811.9,803.6,823.2,873.6
712.7,765,771.2,793.9,722.5,656.8,641.9,652,629.9,621.2,669.7,678.8,693.1,709.7,717.4,742.6,775.2,878.3,945.3,998.7
712.6,764.3,763.3,713.5,673.6,670.4,676.4,634.6,623.3,612.1,600,605.5,621.2,633.5,692.9,752.6,813.5,851.7,917.7,970.2
722.6,756.8,782.7,786.4,750.1,734.2,684.2,689.3,704.8,723.7,700,753.6,799.4,799.1,831.7,841.5,814.7,815.5,840.8,858.1
714.4,751.9,801.1,845.6,767,727.9,739.7,707,702.3,771.8,780.8,753.5,781,791,823.2,843.8,858.8,864.8,910.5,936
800.6,791,738.2,752.7,884.6,826.1,814.2,764.9,743.1,707.7,707.4,738.1,714.8,761.2,789.8,805.1,854.1,895.6,923.6,952.5
665.3,688.8,743.1,717.2,742.9,656.3,624.5,602.8,624.7,570.4,495.9,507.4,538.1,560.1,601.4,643.9,653.6,660.3,651.1,635.3
652.6,710.2,766.7,754.6,756.8,700,663.5,620.5,634.5,660.2,682.2,709.5,739.6,795.5,833.7,835.3,860.5,869,879.4,918.2
720.1,750.5,746.6,735.1,713,671.5,537.1,489.6,476.4,522.9,540,555,571.1,588.8,575.3,579.5,599.1,629.5,703.8,733.4
600.2,681,719.9,713.5,644.5,654.1,622,566.6,577.3,590.9,598.3,626.3,635.3,649.8,686.4,699.4,723.3,737.5,784.8,797.1
719.8,746.3,812.9,835.6,840.8,795.7,755,769,795.5,812.8,810.7,801.7,816.2,816.6,840,841.3,843,865.1,900.2,965.4
664.3,683.7,644.9,633.4,556.8,475.3,471.8,496.4,484.5,496.1,521.5,540.5,526.4,507.1,538.1,559.6,571.2,596.6,664.1,704
617.7,620,628.9,638.5,606.2,556.5,547.8,550.7,528.8,521.9,513.5,519.7,514.3,526.3,506.6,560.1,582.5,649.8,698.1,660
703.2,726.4,747.5,687.7,622,595.5,574,571.3,579.3,637.8,676.6,682.2,655,633.4,642.3,663.4,700.1,720.5,735.6,793
694,730.1,745.7,697.6,688.6,725.1,723.4,717,723.7,723.4,722.6,670.1,675.7,697.1,697.4,691.4,687.8,705.6,751.1,832.7
804.8,845.9,868.4,799.4,754.2,677.8,647,591.1,614.9,630.1,695.1,776.1,859.4,942.3,960.4,976.2,989.5,1033.1,1045.1,1089.8
752.4,781.8,786.9,772.3,674.9,592.8,616.7,664.6,751.2,734.8,638.7,618.7,603.3,624,663.8,702.3,741.7,822.7,862,868.7
818.5,823.4,763.7,679.9,657.3,646.5,642.3,652.9,645.5,612.9,650.6,686.8,743.4,761.7,769.6,778.7,814.9,848.2,945.3,1049.2
758.1,743.6,764.1,753.4,727.7,722.9,726.8,715.8,732.4,714.3,784.9,753.5,792.7,792.2,806.9,821.7,856.4,856.8,846.4,853.5
800.4,830.9,863.6,797.5,783.3,741.9,622.2,594.1,610.8,624.3,659.8,695.2,678.4,657.4,637.4,642.2,638.9,638.4,663.7,765.6
735.2,701.4,711.7,729.1,718.4,719.6,682.9,668.7,637.5,625.5,618.6,614.1,629.6,641.1,643.1,650.3,668.3,695.5,712.1,736.5
698.3,690.6,659,647.5,628.2,638.1,619.7,636.1,675.5,676.8,674.3,666.8,647.1,643.8,617.9,631.7,646.8,657.8,663,696.6
672.1,738.9,748.3,718.7,688.6,670.7,665.8,694.7,694.1,678.2,585.8,589.3,655.3,711.7,697,666.2,664.2,663.9,684.1,713.5
794.8,816.5,818.7,727.4,610.5,560.1,529.1,530,501.5,546.2,578,565.6,608.3,636,657,706.2,727.9,772.7,846.8,893.5
707.6,833.1,870.5,803.3,714.8,643.6,616.5,538.3,571.3,578.8,559.8,571.8,621.3,644.5,711.1,746.3,756.6,753,731.9,738
702.1,755,744,704.1,660.8,620.3,616.2,600.5,589.3,635,712.4,749.7,791.9,802.5,805.8,803.8,846.2,865.6,867,897.2
622,685.3,693.2,739.5,735.7,621.7,541.4,497.2,502.1,532.8,596.8,653.6,704.5,696.6,749.8,813.1,816,809.9,812.9,809.7
696.2,757.8,794,766.8,773.8,704.7,671.7,647.5,618.8,629.3,656.1,674.7,693.3,708.6,691.7,717.5,685.7,683.4,749.7,779.9
745.8,773.9,791.9,788.6,726.5,633.8,597.3,611.1,619.4,623.9,659.4,684.6,703.3,775.8,836.9,864.3,858.2,874.4,883.3,921.5
655.7,719.6,752.3,718.6,634.3,554.4,540.6,492.8,511.9,531,574.4,595.9,614.2,635.3,659.2,686.9,708.2,709.8,747.8,876.6
697.7,796.7,902.3,785.2,719,615.5,624.2,559.7,548.1,557.4,589.4,622.4,673.8,719.1,706.4,726,755.4,778.2,772.5,811.2
783.6,782.3,776.5,780.1,733.6,683.6,602.4,531.8,537.9,560.1,597.2,620.4,638.6,653.7,710.3,820,846.6,852.3,837.2,863.7
811,860.8,942.4,873.5,833.7,714.1,651.5,615.7,657.1,690.6,695.8,732.5,746.5,760,758.3,773.9,762.2,760.7,757,800.3
819.7,851.1,881.1,817.9,691.1,629.5,646.3,690.7,734,763.2,806.4,837.2,860.9,884.5,884,851,926.4,929.8,915.3,906.4
790.6,845.1,842.4,844.2,871.3,781.6,765.7,777.9,759.5,723.8,722.6,730.9,762.1,793.3,837.1,867.8,903.6,937.2,981.8,1008.1
716.7,730.9,738.5,759.3,697,561.9,535,465.1,448.8,466.3,499.9,539.9,582.8,589,591.4,707.5,732.5,761.6,788.4,865.7
627,634,752.5,798.9,754.5,710.8,649,575.2,468.5,441.6,436.7,442.2,436.6,449.1,471.2,490.6,507.4,521.1,541.3,562.9
709.6,727.1,749.7,710.2,713.4,679.8,645.2,623.6,632.2,603.2,575,536.8,542.2,568,568.5,576.7,610.2,638.4,654.9,629.5
694,719.8,719.5,715.9,711,746.8,713,599.6,608.4,638.3,656.6,655.9,672.8,696.4,714.1,755.2,826.7,841.3,903.6,902.5
838.6,878.6,888.3,776.1,709.2,678.2,643,568.4,525.1,502.7,537.5,578.6,640.2,734.2,797.7,819.4,881.2,1010.6,1039.5,1119
759.1,823.5,748,683.9,614.9,584.4,619,625.7,604.8,606,588.1,636.4,695.1,724.5,747.5,779.2,815.4,870.6,914.8,989.6
684.5,719.9,782.8,724.4,709.1,700.1,652.2,595.6,612.9,601,610,651.2,671.4,687.7,772.7,875,925.3,940.6,988,1022.3
711.4,748.5,829.4,810.5,787.6,754.7,705.1,698.8,675.2,687.2,689.9,681.5,592.7,608.9,626.5,671.4,692.7,694.2,695.8,747.2
779.1,880.9,863.3,749.7,777.6,730.9,657.2,628.3,648.8,624.9,623.3,638.5,693,669.6,645.4,656.5,685.5,706.2,704.5,749.6
728.1,706.5,688.8,744.9,698.5,612,636.6,549.9,528,534.2,581.2,642.3,726.5,832.5,916.4,1011.9,1103.7,1121.5,1189.2,1205.5
456,376.5,370.4,373.3,395.5,416.6,445.9,489.7,582.9,627.2,733.8,781.4,901.9,926.1,925.1,887.2,871.9,895.3,945.2,995.9
479.5,443.3,409.3,407.3,411.6,412.3,419.9,434.2,450.7,441.9,485.3,561,630.7,643.7,634.4,612.1,633.5,647.1,691,715.3
457.5,434.4,436.6,439.2,439.6,441,454.9,455.5,477.1,493.9,484.1,494.1,498.4,495.5,544.6,606.6,646.6,688.7,742.4,838.7
662.9,588.9,494.8,474.8,474.5,476.4,501.5,534.4,571.9,572.4,609.6,647,678.7,703.8,713.8,740.5,789.4,817.4,850.9,860
523.7,533.9,476.7,473.5,488.3,483.5,499.9,499.5,500.1,491.5,487.3,537.1,588.5,634.9,634.2,633.7,641.1,712.1,753.8,794.8
447.7,469.8,453.1,462.6,490.4,479.4,470.2,492.2,507.1,492.7,447.5,410.3,411.8,439.9,448.7,456.8,467.6,482.5,475.3,471.1
544.1,481.1,413.9,384.3,370,382.9,424.1,460.3,497.5,531.5,581.4,608.4,643.3,652.8,677.8,696.4,666.1,673.8,649.9,647
492.2,427.9,378.9,371.9,402.4,424.9,445.1,460.5,487,508.9,533.6,538.1,549,561.5,597.9,630.6,635.2,690.1,748,789.1
371.5,362.6,379,406.4,400.7,449.8,527.8,593.3,645.7,686.1,768.9,824.6,844.9,904.7,913.8,932.3,957.1,963.6,947,993.2
485.7,440.6,422.3,385.1,363.5,361.6,371.5,395.9,416.4,443,486.2,516.9,540.7,584.5,618.9,634.2,650.2,666,713.2,752.4
392.7,362.9,355.2,346.4,337.5,348.4,339.4,353.6,349.1,367.7,394.2,426.7,418.9,423.4,466.5,497.4,575.2,642,739.5,816
510.3,429.9,399,383.6,398.4,462.5,553.2,604.7,634.1,666.9,698.6,741.2,752.4,779.6,824.5,869.8,909,937.9,964.4,958.1
555.8,499.7,492.6,504.3,507.7,523.5,537.5,562.9,554.1,559.3,584.7,609.7,647.7,676.4,712.6,733.7,744.1,746.5,773.9,832.3
525.3,494.4,462.8,461.8,470.8,484.2,528.7,549.7,562.3,545.6,512.5,505.5,494.1,486.4,485.7,510.8,552,581.5,638.8,665.7
600.6,565.8,510.3,468.9,414.9,417.8,437,487.7,541.7,562.4,578.2,566.3,623.4,700.9,737.2,761.5,784,798.8,788.5,790.5
420,362.9,346.9,355.8,383.2,390.5,392.1,411,446.6,478.4,521.7,553.4,574.8,613.7,598,671.7,744.6,772.8,832.7,912.7
509.9,470.8,478.6,481.5,473.7,463.2,456.9,481,468.4,443.3,423,434.4,461.6,471.9,461.3,486,501.5,550.2,592.9,609
470.7,424.2,410.6,412.5,370.3,390.4,411.2,432.1,432.9,442.1,413.9,417.2,415.7,422.7,433.5,435.1,461.6,524.8,581.1,666.4
436.7,420.1,436.3,458.2,476.5,553.4,588.3,596.2,644.4,696.2,743.8,728.7,775,811.4,853.1,895.5,951.5,1018.1,1060.1,1076.4
451,457.3,468.3,475.6,454.5,433.3,443.9,445.8,446.9,453.6,443.9,448.6,469.2,489.9,510.9,543.3,598.2,637.2,689.8,732.7
448.7,441.8,449.9,458.6,480.6,497.2,502.9,530.3,554,621.4,637,678.4,743.3,772.3,791.9,823.6,900.2,930.4,973.9,1027.3
578.1,567.1,480,418.3,415.4,421.4,425.3,440.8,456.2,503.6,508.4,538.5,538.3,547.7,558.6,602.7,636.8,658.4,725.9,785.5
600.9,510.4,467.1,464.9,464.5,461.5,467.9,507.3,511,526.8,556.2,601.7,624.2,623.4,648,657.3,657.2,715.4,718.3,784.5
408,400,384.3,395,412.3,411.2,409.1,422.1,402.6,381,406.9,467.6,518.3,573.4,608.7,621.2,639.4,636.7,699,746.8
458.6,390.1,388.5,406.3,420.5,438.5,469.8,510.9,553.5,637.2,723.1,742.3,733.5,754.8,811.9,781.2,829.7,861.2,943,1013.4
529.7,499.9,467,466.1,471.5,466.7,467,504.6,521.4,541.3,558.4,606.2,637.6,673.7,703.5,710.6,720.8,725.5,731,744.6
453.2,372.8,363.6,377,395.8,423.9,433.3,450.2,474.7,499.8,540.2,549.6,558.3,578.5,614,624.7,663.5,672.6,690.6,724.9
505.5,414.3,400.2,399,407.6,426.5,471.4,506.8,546.6,549.2,602.5,620,688.9,753.4,794.4,804.9,826.9,844.3,826.6,864.6
435.3,429.1,401,412.2,413.2,426.1,436.4,440.7,459,476.3,479.8,518.2,523.9,569.3,619,661.1,748.7,843.7,896.1,978.2
502.3,443.7,431.5,433.5,443.4,474.8,508.2,551.6,556.4,530.7,521.9,513.5,478.3,477.5,478.1,492.1,541.6,562,603,652.7
622.3,540.3,430.9,431.8,450.6,463.6,467.7,483.3,495.4,509.5,544.2,571.5,578.8,602.6,669.3,744.8,771.4,780.9,793.3,838.7
507.9,465,445.5,477.5,481.2,513.7,512.7,546.3,595,615.6,617.5,637.1,639.6,624.3,627.8,644.9,671,739,859.7,890.1
556,539.9,505.7,493.8,469.7,481.6,494.1,495.3,504.9,506.6,493.8,517.4,584.8,648.9,644.1,655.7,701,754.6,828.3,878.6
384.2,360.2,365.3,370.5,376.9,374.7,378.1,386.7,411,404.5,408.4,406.8,451,446.9,493.3,530.1,555.9,590.2,586.4,688.1
649.1,597.2,572,548.3,560.6,586.8,577.1,581.4,603.5,628.2,632.4,681.9,726.4,782.9,813.3,783.2,794.5,818.1,855.1,851.8
628.4,605.3,538.5,453.5,431.4,432.3,426.6,439,505.2,570.3,584.8,620.9,636.8,644.8,692.8,790.8,919.7,1018.7,1091.7,1148.2
817.8,629.7,416.2,370.1,391.7,396.9,395.2,394.3,397.2,412.5,448.4,463.5,478.2,507.3,595.3,648.3,675,738.6,813.7,841.9
510.8,507.9,490.7,483,512,536.2,581.3,617.2,643.6,693.1,710.6,724,735.6,745.3,771.2,832.7,905.2,946.4,993.9,1014.3
492.9,480.3,484.8,506.6,528.5,541.3,558.5,567.5,550.1,580.7,629.4,699.5,706.2,730.8,773.3,768.2,789.7,813.4,792.1,781.9
688.9,627.8,611.3,586.8,585.8,578.7,585.9,586,591,607.6,647.1,707,796.7,839.9,887.2,974.4,1010,1007.9,1033.4,1047.2
496.9,441.6,429.7,430.6,450.6,443.7,409.8,420.6,425.2,447.5,488.8,516.1,489.9,486.3,459.3,511.9,573.3,659.8,762.6,862.8
439.3,382.4,402.1,409.9,402.1,403.3,415.8,422.8,423.1,424.6,412.8,394.4,439.1,521,570.6,584.1,619.8,637,706.5,738.7
500.7,512.2,548.2,589.2,621.6,677.8,672.9,692,769.2,765.6,776.6,785.8,824.7,887.5,886.9,868.8,904.5,947.2,955.1,962.4
492.9,453.5,448.6,417.2,409,407.7,451,493.5,605.6,722.8,787.4,752.2,817.4,820.9,856.9,872.6,931.2,985.8,1023.3,1108.5
570,555.7,541.7,478.3,467.6,460.6,470.7,484.4,505.8,527.6,510.9,529.1,562.6,567.2,685.2,720,803.6,810.2,794.9,802.2
651.3,607.9,520.1,489.4,504.1,531.9,575.7,586.2,621,619.6,638,659.7,703.2,689.7,681.5,741.1,782.1,872.3,918.9,949.3
407.5,406.9,424.7,437.7,447.2,458.2,482.8,493.3,504.8,499,519.4,513.6,546.7,612,626.1,631.2,636.3,656.1,668.1,671.7
566.7,548.5,516.6,513.9,506.3,530.5,537,596.7,626.7,688.5,715,723.7,797.5,856.9,962.1,983.1,999.4,1043.9,1078.3,1131.2
515,418.4,387.7,380.8,378.9,383.5,406.3,415.2,429.5,459.9,493.8,497,532.3,635,705.5,702.5,711.7,721.4,727.2,780.3
539.4,450.1,345.7,295.7,297,302.7,309,319.2,325.3,339.6,362.3,392.5,427.7,486.5,493.3,505.4,584.9,587.7,602.8,582.5
532.2,493.6,479.9,478.6,492.1,498.6,524.6,518.6,490.6,472.9,462,485.8,483.2,501.3,540.9,550.3,594.5,586.4,648.4,744.8
541.1,456.4,462.9,514.1,539.4,566,606.3,627.1,655.7,704.8,698.7,723.2,753.9,792.3,856.4,865.4,944.4,1057.1,1105.6,1191.4
504.7,514.8,543.4,561.6,603.4,648.7,676.1,691.9,717.3,768.9,792.1,806.6,823.6,882.4,885.8,834.4,817.4,828,848.7,886.7
609.9,574.4,552.7,543.9,536.2,515.3,504.6,506.8,527.7,506.2,511.5,511.3,549.3,604.8,645.9,677.8,658.6,691.8,712.1,751.9
569.8,525.9,466.4,424.7,412.6,434.9,454.8,464.1,475.7,502.2,508,513.5,566.9,628.8,640.3,643.6,642.3,656.3,689.6,689.5
424.2,347,341.6,358.5,356.2,415.2,438.2,471.3,539.8,607.3,646.6,716.5,740.1,814,864.8,928.9,1020.4,1038.1,1020.9,1087.3
552.3,471.6,423.6,397.1,384.9,380.6,393.7,408,430.1,439.5,454,453.1,459.1,495,536.9,597.2,619.8,608.7,608.4,619.1
362.9,337.6,328.2,331.7,329.2,342.8,363.6,382.8,385.6,364.8,363.9,380.5,407.7,442.2,492.6,521.8,554.5,561,637.7,721.3
508.7,473.8,450.9,462.1,471.1,504.6,536.2,574.4,671.8,710.7,731.5,746.4,787.1,787.6,775.2,804.9,842.9,834.9,920.4,995.8
643.8,537,454.6,443,412.5,427.2,451.7,559.8,674.9,695.6,726,743.5,835,877,917.3,1009,1061,1112.7,1118.5,1134.4
394.6,375.7,315,314.4,317.1,335,366.5,388.3,396.6,405,428.4,425.6,443.6,453.1,473.7,541,609.8,629.9,635.3,669
506.4,459.9,454,472.8,471.2,484.2,505.3,514,531.6,541.6,566.2,601.7,635.8,669.8,665.6,707.4,761.3,800.8,832.7,893.4
464.7,502.1,493.9,494.8,491.4,513.1,541.5,573.3,586.4,565.7,566.1,584.3,599.2,619.7,586.7,563.7,552.7,571.6,608.6,644.7
641.2,584.9,569.5,556.5,577,630.7,649.4,678.5,728.5,752.1,756.8,767.6,806.4,820.1,838,815.1,814,815.9,814.1,857.3
472.5,427.4,427.6,446.6,522.9,572.3,563.7,597.6,622,660,723.8,846.1,882.8,834.7,892.3,976,978.2,1045.1,1089.6,1105.8
689,802.5,861.1,751.1,723.3,754.8,761.3,798.8,814.5,689.4,618.3,577,558.8,533.5,493.5,483.6,470.5,484.9,557.6,585.5
687,786,888.2,903.7,874.3,725.3,626.7,601.6,563,542.2,548.7,538.9,546.5,568.4,600.8,615.3,644.8,642.6,667,785.3
631.8,653.5,749.9,757.8,761.9,695.9,644.9,630.2,661.6,660.6,620.2,597.4,599.4,600.8,644.6,671.8,682.9,664,682.7,717.3
733.7,798.9,835.1,746,634.9,596.9,577.1,568.2,587.9,569.2,589.1,628.1,646.1,683.7,719.7,768.8,792.6,828,906.8,1031.9
622.2,637.2,701.4,731.2,626.1,618.9,584.6,581.6,587.5,551.3,541.6,538.2,570.9,618,671.7,716.3,758.2,778.9,799.1,812.9
656.1,774.1,792,774.6,596,532.1,511.7,552.9,557,533.6,525.6,528.6,533.7,538,548.3,528.4,550.5,556.4,573.7,633.5
690.4,698.1,781.1,814.1,781.1,693.9,660.4,621.6,609,623.8,600.4,601.8,601.2,602.2,641,666.7,730.3,749.7,780.9,833.1
681.3,717.1,706.3,644.7,574,484.4,443.5,471.8,505.6,544.5,543.7,580.4,638.9,635.4,649.5,692.2,722.4,759.7,835.5,923.4
632.2,685.9,790.7,721,705.5,751.7,788.8,751.8,762.7,725.1,668.5,660.6,660.4,546.8,515.7,510.6,508.6,521.1,536.8,558.5
680.8,753.6,718.9,691.9,583.7,573.4,518.7,526.4,543.3,551.7,553.5,556.3,555,554.8,577.6,616.7,630.5,652.1,689.9,764.5
648.7,619.4,626.1,631.6,587.4,542,542.7,521,534,542,557.5,555.6,570.9,570.2,563.6,591,675.9,727,727.1,742.5
689.3,747.9,829.6,807.4,702.3,669.8,636.7,599.5,580.6,584.8,606,621.1,638.6,670.5,690.1,713.9,719.4,792.9,856.9,905.5
647.1,653.9,714.8,619.9,460.2,459.8,485.9,499.7,542.5,508.2,478.5,504.8,526.8,553.1,578.2,623.3,699.5,815.4,859.3,906.1
628.2,713.4,830.4,786.2,580.8,550.4,557.5,544.3,543,518.4,482.4,472.8,465,481,517.9,538.4,560.8,578.4,597.8,614.4
750.2,787.7,783.7,754.9,675.6,638.6,616.1,594.7,580,547.6,573.1,582.1,587,630.4,653,705.5,722.2,762.9,841.9,902.2
640.3,729.5,727.7,712.9,572,471.7,457.6,451.2,461,489.1,491.7,473.7,483.6,487.9,531.5,629,708.1,739.8,785.2,949.6
540,677.3,698.4,640,571.1,536.4,527.8,558.6,586.4,591.5,605.7,600.5,582.4,544.2,521.3,513,517.1,520.7,497.7,514.8
629,573.8,575.2,534.6,508.4,499.9,514.9,543.7,557.2,513.1,507.7,496.2,493.4,490.5,482.2,466,438.8,445.3,455.5,478.7
755.5,776.3,724,626.7,542.5,572.3,563,566.8,562.8,547.8,554.4,573,608.9,616.5,570.4,548.3,510.4,492.9,490.9,519.3
620.2,695.6,721.1,715.6,602.1,498.5,520.4,532.8,565.4,575.5,586.5,584,593.9,607.7,631.5,670.7,685.2,692.6,722.1,724.8
631,607,629.3,590,527.2,486.6,474.6,474.9,479.3,478.4,532.2,579.1,603.1,649.7,693.8,684.8,716.5,736.7,789,881.6
747.7,774.5,772.5,733.8,723.8,650.3,573.9,537.8,542.6,548.8,545.5,588.2,589.4,605.5,626.7,656.5,681.5,698.2,711.5,724.3
703.5,699.1,660.4,560.2,536.6,508.9,518.9,506.7,507.8,499.4,518.1,568.8,582.2,614.7,674.2,678.6,671.6,688.4,729.3,799.2
708.1,781.7,755.7,733.5,651.9,538.5,511.2,501.3,507.3,514.2,513.9,526.7,551.8,600.5,647.7,652.9,662.7,714.6,749.8,767.3
698.4,739.9,745.3,692.7,704,669,652.7,648.5,637.5,614.4,581.3,581.1,583.3,605.6,599.4,597.8,638.1,646.8,683.8,693.9
746.6,826.8,813.9,647.4,551.4,501,495.5,510,520.7,532.5,520.6,520.1,517.9,510.2,562.3,609.8,615,653.2,680.1,707.3
748.3,702.1,715.9,639.3,538.9,491.2,482.6,487.7,493,490.5,502.8,504.9,514.2,543.6,580.7,620.4,663.1,668.1,675,716.7
644.5,769.7,832.5,775.2,752.8,678.5,649.5,653.7,670.4,670.6,667.4,661.8,680.8,682.4,687.5,724,757.1,835.4,895.9,898.2
640.1,668.9,711.3,692.7,653.4,531.1,450.5,438.5,485.5,482.7,473.7,503,497.3,512.3,530.5,549.7,587.9,637.5,742.5,808.8
749.1,727.1,776.9,712.4,586.4,488.3,449.6,461.5,474.5,479,477.2,470.6,475.7,473.4,469.1,470.6,483.8,512.9,524.7,539.5
710.3,732.9,743.9,730.3,641.2,601.8,569.3,563.1,543,555.3,591.5,690.6,753.4,761.6,741.9,740.7,752,758.1,787,827.5
653.4,697.1,695.2,679.5,648.8,586.6,441.2,404.5,410.4,409.7,430.4,433.5,443.5,448.3,446.1,498.6,498.4,517.4,610.2,733.8
565.3,585.2,659.1,627.3,553.1,504.7,490.7,465.3,451.3,463.5,472.4,463.3,453.2,438.5,448.3,459,487.9,518.3,578.9,717.3
579.1,537.6,500.1,502.7,579.9,586.4,581.6,571,541.7,518.6,481.2,469.5,480.4,467.7,461,463.9,483.9,519.5,580.1,660.6
601.1,692.2,723.1,713,640.1,640.4,664.8,662.5,674.1,636.3,647.2,655.9,667.7,703.5,782.6,740.6,797.7,850.4,821.9,900.3
831.3,889.9,910.1,864.2,720,610.1,568.6,555.3,593.1,663.8,782.7,856.2,923.3,890.5,951.4,977.8,1015.2,1092.4,1073.9,1044.6
772.9,829.5,782.1,726.3,673.6,586.1,551.5,518.9,480.4,442.5,416,415,454.4,485.2,511.5,471.9,495.3,553.2,611.1,679.6
792.5,819.7,829.7,751,713.3,599.4,594.5,629.4,651.6,708.2,739.1,783.4,788.2,841.8,849.7,865.1,883.9,906.6,948.8,972.8
696.3,656,686.7,691.2,557.5,532.5,492.2,551.6,575.5,564.4,567.9,547.7,538.6,531.7,534.3,576.1,632.7,589.6,579.7,615
799.5,880.1,877,877.5,776.6,620.1,594.3,597.1,601.8,612.4,607.2,604.8,598.7,633.9,591.3,579.3,609.5,678.2,750.3,765.6
631.3,636.9,638.2,622.2,543.6,454.3,466.3,461.1,471.6,498.4,513.3,525.8,536.3,537.1,527.1,534,560.1,651.6,761.3,795.8
667.8,652.9,667.1,580.5,579.1,606.4,676.2,662.1,600.2,548.7,528.6,513.2,494.3,484.2,491,490.1,494.8,500.7,496.5,515.6
742.4,725.5,622.4,606.5,597.2,610.9,625.7,659,714.1,718,703,722.4,758.7,844.8,842.4,881,900.3,880.7,825.4,827.4
886.5,923.1,914.8,767.2,614.2,589.2,599.6,664.3,729.7,770.4,811.9,873.5,946.5,976.2,1057.3,1141.4,1203.9,1239,1241.4,1188.4
792.6,782.8,787.8,785.1,730.4,586,595.2,626.4,584.8,506.4,480.9,474.2,490.2,509.4,540.9,557,570.1,579.5,567.7,616
714.3,769.9,774,724.2,581,531.7,540,565.2,624.5,695.8,753.1,825.8,867.4,909.2,951.5,978.5,1022.2,1097,1127.5,1173
769.5,741.2,697.6,599.8,570.7,577.3,535.8,513.6,581.1,652.3,648.1,639.8,642.4,651.9,668.1,733.9,787.6,813.8,892,969.5
896.6,829.8,893.8,873.8,744.6,630.7,607.7,593,618.9,658.4,674,690.3,709.7,725.6,802.5,828.6,855,878.2,905.3,937.7
658.9,719.9,727.9,701.6,661.7,728.1,765.4,747.8,693.8,694.8,718.6,736.4,772.2,795.9,829.6,832.5,819.1,812.4,824.8,839.1
644.9,635.7,647.7,603.3,701.6,511.9,500.6,468.1,431.2,436.4,447.5,468.8,470,482.6,478.5,474.7,447.9,467.7,550.8,646.6
612.7,711.7,772.5,810.8,731.3,705.4,683.1,691.5,704.1,704.4,679.3,672.1,677.7,667.8,646,628.8,602.5,596.9,561.3,568.8
646.3,676.8,748.9,733.8,646.4,620.7,598.2,578.8,601.7,589.6,609.8,660.8,671.4,674.6,681.5,682,692,702.9,693.9,726.5
725.3,768.5,832.2,841,772.9,648.7,646.4,671,642.7,617.5,609,635.8,652.5,703.9,700.4,714.7,735.3,748.5,761.1,744.5
745.3,736.5,664.5,619.2,621.1,609.5,638.6,652.8,657.9,676.9,693.4,711.3,742.9,770.6,782.7,782.4,791.9,756.2,715.1,716.1
624,736.9,702.5,656.1,597.4,519.7,494,489.6,512.7,569,659.4,748.1,771.9,756.5,758.2,765,716.9,753.6,804.7,847.7
755.7,823.9,861.5,802,675.3,545.4,467.5,471.5,513.2,663.6,851.3,856.4,833.9,800.1,846,858.7,906.6,871.1,897,890
631.4,630.5,687.3,662.5,573,531,522.8,521.1,522.5,539.7,549.6,546.6,544.6,550.4,559.2,544.8,538.9,571.4,613.5,618.2
721.8,680.4,523.5,500.9,509.1,544.7,615.8,652.1,624.8,546,507,477.7,469,474.2,466.1,464.1,450.7,438.8,493.1,539.9
667,733,726.1,706.7,707.6,711.1,675,631.9,643.7,662.5,684.4,731.8,802.3,808.3,856.6,882.2,909.4,921.7,944.5,947
729.8,846.2,866.1,859.5,745,657.8,676.4,658.8,748.1,772,790.6,795.3,772.1,763.5,789.6,904.1,998.9,1066,1147,1202.8
602.6,594.7,584.3,655.7,645.8,661.1,624,637.7,570,506.3,473.7,474.7,498.2,545.8,588.5,611.2,568.5,572.4,655.9,666.4
704.9,700.6,749,707.5,627.6,591.5,559.5,585.1,590,602.4,612.5,635.5,654.5,664.2,703.3,742.7,766.7,824.7,815.5,871.7
675.6,691.8,638.4,560.8,451.4,400.3,399.1,468.7,498.4,511.1,551.7,582.1,582.8,569.4,590.6,600.2,630.3,665.2,697.3,735.6
832.2,875,874.6,832.1,735.5,694,642.5,659.4,638.2,620.9,601.2,591.6,620.4,637.5,645.7,633.6,635.2,647.1,666.1,647.2
843.6,793.7,721.2,706.5,647.3,618,608.7,636,660.7,722.1,776.5,818.5,972.1,1072.4,1210.7,1273.5,1258.5,1414.5,1467,1522.3
804.1,887.8,728,621.8,657.2,635.5,683.2,663.8,718.5,751.3,818.8,849.9,850.4,901.3,922.3,932.3,1023.1,1077.4,1041,957.6
632.6,610,696.9,644.1,599.7,676.3,621.3,587.6,620.9,644.1,700.9,747.1,791,871,897.6,878.9,895.1,929.2,972.2,1141.1
674.6,644,561.7,545.3,534.2,548.6,550.4,555,549.9,564.6,573.9,575.4,581.3,581.6,573.7,589.4,651.1,735.3,853.4,867.3
523.7,561.6,663.8,634.4,633.9,588,597.6,602,629.1,642.2,662.1,682.4,712.3,772.8,749.2,748.1,846.2,1048.2,1159.6,1214.1
699.6,745.8,645,538.7,498.1,482,505,474.1,483.9,502,533.8,564,643.6,687.8,767,830.6,852.4,884.1,960.1,1058.1
807.8,769.5,666.4,645.8,611.5,577.5,613.1,644.4,670.2,696.8,701.4,697.9,732.8,765.5,791.3,787.5,809.2,856.3,1006.1,726.8
769.7,685.4,654.4,570.6,553.7,561.6,622.7,637.9,658.8,677.3,664.7,705.9,748.4,807.5,867,871.1,849.4,840.9,878.5,932
741.6,666.4,479.9,372,325.9,333.3,359.5,378.6,371.3,409.3,445.7,458.1,497.8,536.3,537.5,565.9,622.7,845.9,923,1054
668.5,699.5,786.4,719.5,744.1,800.4,650.3,569.4,564.2,584,578.3,587.3,599.6,630.6,697,712.8,782.5,882.8,947.8,1001.8
585.3,811.3,780.9,662.2,483.4,476,429.1,391.1,406.2,480.1,465.7,478.3,508.4,549,642.9,700.9,751.2,839.8,1015.6,976.3
649.7,629.3,710.5,680.5,679.1,536.6,490.7,473.9,479,495.2,520.5,539.1,554.8,593.8,617.5,643.7,704,819.3,927.2,976.5
775.4,746.2,678.9,660.7,686.4,651.3,644.8,657.6,690,716.9,797.3,873.3,867,913.5,936.9,984.4,996.5,1059.2,1090.9,1110.5
436,475.2,498.2,489.2,476.7,452,419,383.9,380.1,369.5,359.4,390.5,410,423.5,436,446.3,463.1,486.4,634,743.6
560.4,579.8,626.3,631.1,630.9,704.1,629.7,580.6,571.9,587.2,610.2,628.4,689,734.8,806.9,865,873.5,889.5,937.8,972.4
717.3,668.1,632.1,661.1,688.7,695.8,628.4,600.7,602.3,623.8,668.6,701.4,718.4,751.6,732.4,719.7,787.1,895.2,950.3,1064.4
460.5,382.2,401.6,366,307.9,303.2,296.8,296.2,301.7,321.9,349.4,362.8,348.3,385.3,423.2,519.6,573,586.2,620.7,625.6
713,684,693.1,678.8,646.4,570.6,559,577.4,688.5,599,623.2,765.6,823.6,847.7,852,904.1,950.7,965.7,1011.8,1024.3
471,528.5,556.3,586.8,573.9,573.8,491.9,484.2,488.4,470.1,436.8,452.4,462.9,525.9,557,639,686.2,736.8,735.9,826.4
654.2,724.8,738.6,715.7,710.6,657.3,605.7,534.2,541.8,534.1,540.4,553.4,546.8,579.9,605.1,682.3,702.2,691.8,717.7,857
642.6,662.9,628.8,579.6,661.5,634.6,619.5,575.9,516.1,520.2,552.4,556.4,553.3,570.7,597.2,672.6,742.8,831.3,884.2,919.5
713.4,631.1,584.5,519.5,451.1,367.6,382.6,380.9,388.6,396.7,412.4,408.2,431.8,464,587.8,604.1,641,664.1,722.3,784.3
650.2,683.9,718,670.7,593.5,614.1,660,629.3,599,462.8,465.1,479.8,493.1,518.6,554.6,549.8,574.5,595,626.7,767.4
680.3,725.9,663.2,619.2,585.7,555.4,479,473.7,480.7,472.5,462.6,474.7,518.7,568.5,603.9,680.6,734.9,754,811.1,823.8
553,595.6,565.4,557.2,514.9,515.8,504.9,491.1,488.5,468.8,496.8,498.5,482.2,520.1,601.8,667.2,729.3,810.2,832.3,937.8
675.3,708.2,783.1,714,602.1,559.6,512.8,512.2,515.1,506.4,508.3,538.8,565.9,597,617.2,696.1,714.9,706.8,790.2,865.7
620.7,674.7,703.5,726,770.3,785.3,656.3,532.5,443.7,432.1,423.7,460.2,450.9,519,561,619,713.5,806.4,792.3,782.9
458,495.4,545.7,570.8,540.2,532.8,495.6,452.4,444.9,424.7,428.2,441.2,431.6,446.4,514.7,523.9,539.7,555.5,603.1,648
722,751,727.7,685.2,757.7,750.3,704.9,658.9,599.8,564.7,562.3,577.6,627.1,722.3,793.3,838,915.7,942.8,988.2,1064.6
616.5,584.7,573.7,579.5,560.7,514.9,485.5,509.1,520.2,544.2,538.6,552,560.6,599.3,643.2,693.1,726.3,770.9,833.6,1035.3
709.5,711.2,713.3,712.4,709.5,675.5,656.4,605.2,534.6,556,581.1,605.9,624,624.7,627.3,681,735,778,754.2,788.2
609.3,635.9,685.7,662.8,648.6,662.4,593.5,553.6,547.6,524.2,589.3,577.1,626.9,677.2,687.4,710,748.8,794.2,852.7,957.4
556.5,547.8,560.3,552.3,520.3,514.8,479.7,408.3,339.7,321.7,324.3,326.6,336.7,344.4,358.5,364.1,379.4,459.4,551.5,614.7
879,894.4,824.3,674.4,608.8,562.8,558,545.5,544.6,562.1,584.8,641.7,660.8,654.7,660.9,704,705.3,740.6,717.1,731.4
650.4,641.3,630.8,652.7,621,586.5,541.6,526.5,524.7,529.8,564.5,580.7,599.3,635,677.1,720.3,787.1,846.6,859.7,880
805.9,745.8,692.9,668.4,606.9,591.4,603.4,655.1,703.5,742.5,745.9,759.8,778,794,860,944.9,913.1,920.1,922.7,911.3
845.8,721.5,626.7,557.1,477.4,469.6,466.9,477.1,525.6,655.2,646.6,718.9,750.3,797.3,794.8,679.6,681.3,740.4,787.9,853.3
672.4,685.7,661,575.7,518.9,492.3,460.6,477.5,459.6,466.3,490.6,506.8,556.1,588.8,569.6,638.5,659,687.6,757,796.1
642.1,688.8,656,628.3,636.1,612.7,605,598.4,548.3,540.4,546.5,564.7,615.7,637.5,681.1,735.2,790.7,866.2,923.5,947.9
637.9,592.9,555.9,494.7,473.1,479.1,514.1,558.5,604.6,643.1,680.3,688.5,711.9,707.8,727.6,789.1,821.1,846.2,881.2,921.1
866.4,806.3,673.9,615,587.7,616.5,586.9,581.8,621.6,666.4,758.7,821.9,873.6,896.6,890.9,899.7,932.6,972.7,1086.8,1104.8
831.2,788.7,668.5,559.3,518.8,494.3,487.3,514.9,547.2,582.6,599.9,616.1,617,631.4,658.2,713.7,742.1,825.7,854.3,990.9
776,686.2,643,604.1,578.8,549.9,551.9,552.1,561.2,575.8,595.4,607.6,613.2,629.8,631.6,659.2,699.3,749.9,768.3,814.4
740.1,760.3,743.6,749.6,745.6,720.9,767.9,793.2,883.5,908.2,951,991.5,986.8,954.4,917.5,939,964.7,925.3,906.3,891.9
648.6,635.4,636.9,568.9,530.5,493.1,505.5,526,551.6,574,600.5,660,689.8,744.5,786.4,870.4,909.8,942.5,956.5,1019.8
681.9,752.7,708.4,595.8,508.6,462.1,449,442.1,453.7,463.3,485.9,503.9,539.1,558.5,578.9,609.8,596.9,650.1,677.9,799.2
653.5,718.6,704.1,685.8,558.9,500,508.5,514,529.2,545.6,619.7,702.7,746.9,794.6,838.3,902.9,912.6,980,1003.3,987.4
812.6,770,672.9,568.9,487.8,454.4,452.7,475.7,503.7,530.4,573.4,592.9,643.4,632.6,668.2,684.5,728,792.4,878.6,917.7
783.9,787,684.5,585.3,573,597.8,616.8,647.5,657.7,686.3,686.8,718.6,744.3,757.2,739.5,766.4,815,850.9,885.7,939
705.9,757.9,741.6,706.3,660.6,673.3,640,582.4,574.8,563,566.9,570.3,576,591.7,640.6,684,724.7,746.3,757.2,875.6
603.2,612.7,596.6,460.8,462.2,458.5,428,417.6,407.2,396.8,366.9,376.4,391.2,456.7,485.9,529.9,563.9,584.3,668.7,671.7
739.1,717.8,700,647,648.3,642.5,620,584.5,524.8,513.7,518.6,552.6,591.1,650.1,705.9,751.8,816.6,859.2,927.9,986
745.7,650.9,493.3,459.6,462.8,458.6,441,477.5,453.5,439,435.8,511.5,568.9,641.2,706.5,771.1,784.3,793.3,813.7,856.8
764.2,749.7,672.8,640.3,735.9,727.5,693.6,660.6,648.2,630.2,607.2,595.2,604.9,608.9,636.1,637.7,655.9,679.9,729,739.2
810.4,860.5,798.3,744.1,786.3,797.8,766.3,753.5,753.1,805.6,842.9,883.3,866.8,897.6,981.7,1027.3,1092.7,1046.8,1032.6,1012
697.2,750.5,778.7,560.2,520.1,477.8,524.6,573,645.4,619,649.6,672.8,686.3,681.8,714.4,722.2,748.3,810.2,917.3,1027.5
788.6,663.9,563.7,540.3,587.9,541.7,553.7,558.6,598.2,648.5,676.2,751.7,828.6,881.7,911.8,931.5,944.6,878.5,794.3,809.2
819.9,863.3,833.4,807.4,798.6,789.1,737.6,677.6,663.7,659.9,652.4,655.6,721.5,766.2,776.4,807.5,822.1,895.5,945.5,996
724.7,794.2,800.8,693.7,592.6,514.2,494.1,505.8,508.3,528.1,553.2,554.2,572.4,613.8,669.8,775.4,804.3,852.8,908.4,1017.7
870.3,790.1,686.3,598.7,604.1,631,679.4,762.6,841.9,852.3,898.1,923.8,981.6,995.3,1015.5,1071.7,1109.7,1128.2,1123.9,1082.5
629.9,567.7,559.7,580.1,635.1,609.8,628.7,650.3,685,690,675.9,705,709.7,728.1,785.2,825.7,862.3,922.7,974.2,1025.9
761.6,685.1,583.2,446.6,368.7,405,439.9,462.8,472.1,450.3,462.8,503.4,509.2,566.1,585.1,604.6,607.2,657.7,749.7,768.1
673.7,639.6,661.9,631.4,625.2,589.1,589.7,603.8,610.1,583.8,569.1,567,590,614.9,628.8,615.2,644.5,749.9,951.6,1016.3
666.4,588.5,591.7,559.9,546.8,505,505.3,558.2,532.2,497.9,489.1,528.2,582.1,568.3,670.6,719.2,771.1,819.3,847.7,876.4
685.5,752,814.6,798.4,732.8,644.3,647,649.4,684.4,669.3,681.1,716.3,724.6,758.3,779.7,813.6,829.1,881.9,911.6,1018.5
741.3,737.8,650.4,620.5,543.1,515.5,476.2,507.1,501.9,509.1,556,559.1,508.7,549.1,594.4,669.4,710.6,773.1,806.9,794.8
532.2,540.7,526.9,533.8,422.7,383.4,374.4,386.2,395.7,436.5,460.9,499.2,534.9,558.8,563.5,578.9,566.7,548.6,536.8,546.1
681.8,630.3,574.1,473.1,421.5,411.4,434.9,445.1,453.3,470.7,503.1,541.6,567.9,622.8,660,698.5,775.2,817.2,840,880.8
507,467.1,437.7,351.9,365.7,377.8,390.2,411.5,424.4,440.2,477.5,514.8,535.4,548.4,566.4,581.5,590.8,596.1,602.2,606
667.2,687.3,812.7,708.5,620.8,497.7,443.6,457.9,474.7,500.5,557.8,577.6,585.8,594.7,594.7,656.6,747.8,824.4,857,893.5
534.3,506.5,535.4,496.1,468.2,462.2,444.4,486,456,456.7,454.3,462.8,455.7,453.8,479.2,501,499.3,512.5,551.8,609.6
791.3,817.2,771.8,593.2,495.7,447.8,461.3,477.7,476.3,470,474,506.1,541.9,564.6,582.7,558.5,535,539.8,579.2,609.5
572,562.3,551.4,533.5,492.1,501.8,501.3,500,512,516,530.8,559.5,552,565.3,572.7,580.8,580.9,594.7,624.4,703.9
526.7,547.1,534.8,453,386.4,333.8,302.7,293.6,301.8,309.8,315.5,321.8,324.9,325.4,340.8,349.6,374.4,386,410.9,443.9
592.3,660.9,637.2,567.6,488.7,429.6,398.2,392.4,379.9,385.3,405.1,411.8,423.2,429.7,441.8,452.8,489.5,534.1,565.9,570.8
452.6,532.1,503.9,554.1,466.4,429.8,414.2,453.4,468.7,498,519.8,539.7,565.6,566.5,596.5,617.3,645.1,682.1,698.3,697.6
419.5,493,404.7,366,322.3,327.5,347.9,323.9,329.4,347.6,375.7,410.4,429.4,455,469.7,491.5,542.1,566.4,584.2,584.6
602.2,607.6,619.4,576,561.4,534.4,490.9,487.2,534.7,601.2,667.5,662.5,725.2,755.1,780.9,845.4,867,911.1,931.2,972.1
544.8,562.5,533.6,445.5,377.7,377.8,372.9,378.6,379.2,387.1,396.5,398.7,403.2,416.6,427.3,460.1,491.8,523.3,577.4,697.4
574.3,516.1,526.5,436.2,373.7,358.2,360.5,366.4,390.6,397.9,417,428.9,433.9,434.4,462.8,467.3,502.1,518.2,528.3,553.3
514.2,507.5,517.3,544.2,552.5,546,554,559,591.5,571,594.6,588.1,572.4,552.7,568.4,580.8,655.6,662.4,714.2,776.2
478.7,483.9,490.9,432.7,365.9,355.9,346.3,350.4,385.5,400.2,389.9,378.7,397.9,381,398.8,405.1,453.9,449.5,489.4,536.6
490.2,468.3,475.9,463,466.1,497.3,507.8,525.9,508.2,510.6,504.2,501.6,492.9,484.9,465.3,453.2,463.3,470.2,461,496.5
470.5,463.9,490,503.9,506,475.2,444.9,422.9,414.9,432.8,442.9,447.8,447.2,449.9,489.3,549.3,568.7,591.6,624.1,634.8
374.5,386.7,419.2,432.5,492,509,564.9,524,523.6,515.8,500,481.4,516.1,451.5,424.4,458.5,474.5,502.2,537,558.5
519,523.1,551.4,581.7,558.6,562.3,628.5,633.7,633.5,689.8,707.4,698.6,665.7,691.2,700.3,698,706.8,730.1,761.2,810.1
473.2,459.5,453.8,414.7,395.4,341.9,337.1,327.1,325.5,330,343.9,358.4,384.9,420.4,453.8,474.6,549.2,658.1,709.8,673.6
522.3,581.8,564,586.2,566.8,532.6,517.4,509,541.4,583.3,563.9,545.5,542.9,546.1,555.8,550.6,548.8,544,587.5,614.8
486.9,527.5,585.7,578.9,519.9,453,409.7,394.7,398.7,410.5,425.9,456.9,458.7,492.9,512.7,546.9,567.9,610,656.2,718.7
589.6,597.8,615.9,533.3,540.9,528.4,488.6,473.2,436.4,420.3,441.4,447.8,452.7,457.4,475.1,512.2,577.4,671.5,736.2,822.9
492.1,473.9,440.8,383.8,339.3,338.5,352.7,360.9,370,372.3,380.2,382,390.5,437.3,468.5,543.2,632.4,737.9,821.7,891.2
604.9,652.6,519.8,497.3,387.8,360.8,323.3,318.3,315.9,364.6,351.8,350.3,362.8,376.6,443.7,527.7,570.7,605.8,699.4,778.2
568.8,566.7,580.8,509.7,418.3,376,372.1,371.5,377.6,382.1,386.3,397.7,408.5,431.7,441.6,464.2,488.3,540.8,605.3,728.2
595.9,661,683.7,587.8,576.3,576.8,569.7,570.2,615.1,606.5,608.7,637.7,673.6,687.5,752.5,848.3,958.1,1059.5,1149.6,1218.8
497.3,512.6,475.4,386.1,345.9,336.7,328.4,329.5,334.6,335.3,342.6,359.5,386.7,401.5,450.6,471,496.3,520.2,557.1,614.5
561,538.9,482.9,416.3,422.2,397.5,405.6,387,431.6,450.3,471,467,530.6,550.3,524.1,571,602.3,593,640.8,694.6
579.9,585,607.2,621.5,560,512.3,469,467.8,484.6,509.7,522.5,575.1,553.7,611,615.8,630.2,641.6,683.7,715.3,853.3
445.6,466.9,460.4,387.2,366.8,377,382.8,392.4,413.5,422,423,426.8,431.9,432.5,459.9,479.7,487.8,553.4,590.9,608.3
587.1,591.3,624.4,628,637.5,622,587.5,541.9,509.7,510.9,507.9,506.5,530.8,512.7,514.9,536.6,533.3,547.3,602.8,612.5
511.8,490.5,491.7,458.1,416.9,398.5,386.1,412.4,415.1,413.6,431.9,481.8,504.1,550.2,583.3,552.5,551.3,580,678,746.2
726.5,738.8,737.6,756.8,757.5,756.3,707.2,624.7,638.4,621.8,624.7,668,677.5,673.4,662.1,671.9,671.8,680.5,685.9,699.8
630.7,569.9,514.1,517.7,473.2,489.4,568.8,564.3,597.7,688.4,698,709.5,709.8,731.1,750.8,755.5,746.5,765.5,795.3,870.7
545.6,551.7,572.9,591.1,660.4,523.7,509.5,508.5,519,501.6,497.2,530.1,520.6,551.5,574.3,562.1,580.5,571,560.6,592.5
631.3,634.2,642.3,649,654.6,629.5,620.2,686.4,714.9,789.9,804.1,843.6,857.3,890.6,930.7,942.4,950.9,967.1,975.5,993.3
640.8,653.9,579.8,519,489.2,460.8,457.3,455.2,466.3,483.7,499.6,520.9,540,558.8,571,577.2,615.4,669.6,750.7,777.3
615.6,609,563.8,596,666,668.9,643.3,574.2,559.1,520.9,516.2,528.9,543.6,583.4,611,624.2,657.7,686.9,728.4,755.4
710.9,719.3,768.1,685.1,527.1,494.1,445.7,443.1,449.1,454.7,470.9,487.6,508.4,512.3,525.5,526.3,546.5,575,592.2,624
590.2,647.1,590,486.8,435.9,401.5,406.5,421.5,450.4,469.4,511.3,535.8,539.8,568.3,579.4,590,604.6,634.1,668,695.4
707.1,662,585.4,574.7,530.6,474.7,448.5,461.6,487.4,502.6,525.3,541.2,575,620,691.5,770.7,811.1,821.7,822.7,800.4
585.1,609.6,595.1,547.5,471.9,428,404.9,421.7,397.7,426.3,446.5,516.1,564.9,637.9,648.3,646.3,644.3,648.9,660.4,684.6
848.5,765,737.8,686,614.1,575.2,483.9,419.3,404.5,418.6,451.5,473.3,496.2,485,458.5,500.4,551.5,567.2,541.5,508.5
655.6,669.1,633.9,624,611.5,590.2,562.1,551.1,575.7,578.8,613.2,664.2,671,688.2,715.4,761.5,797.3,839.3,838.9,875.2
591.5,566.5,551.9,512.1,437,387.5,387.5,396.3,405.7,418.8,433.1,439.9,435.2,424.6,421.3,444.8,462,511.1,553.2,657
712,741.1,655.5,650,592.7,557.1,526.6,512,503.5,496.6,493.9,492.4,510.6,498.8,493.9,508.3,552.3,583.6,625.9,685
502.5,493.2,490.6,507.6,556,653.4,685.2,692.5,669.4,698,721.9,736.6,750.4,790.1,819.3,797.7,784,815,831.7,799.8
442.2,463.1,521.1,553.1,553.6,523.5,496.1,431.5,394.1,381.6,378.7,377.4,392.8,398.1,410.8,402.6,422.3,413.6,433.9,441.1
650.9,626.7,665.6,680.5,602.8,602.4,620.7,619.2,623.7,617.9,623.6,623.8,625.8,627.2,620.9,609.7,620,609.7,597.6,571.3
614,574.8,579,598.1,618.7,605.1,585.9,551.2,532.3,522,516.2,528.7,539.7,547.8,590,643.1,679,748.7,821.7,903.5
737.5,706.9,676.1,721.2,724.9,680.5,581.2,583.2,568.1,587.3,605.1,636,653.8,665.3,689.6,686.9,704.3,722.2,809.9,869.5
596.2,623.9,632.7,632.8,637,653.4,574,548,567.4,569,593.3,611.4,622.2,637.4,629.2,635.7,642.7,689.3,771.2,881.9
419.3,461.3,517.5,505.5,487.7,465,459.4,434.1,428.9,430.9,402.6,413.6,492.8,538.6,540.5,576.8,590.2,621.4,628.4,601
594.9,601.8,574.8,567,571.6,559.3,510.7,480.5,480.5,533.1,550.4,652.6,676.6,686.5,708.1,734.4,756.5,780.1,803.1,848
541.8,573.4,654.9,691,640.2,592.6,547,539.1,516,504.6,507.1,518.4,505,510.8,505.6,528.3,540.8,580,725.2,764.6
529,503.1,454.6,428.5,409.4,398.9,394.6,387.8,390.7,413.7,410.7,407.9,420.9,436.6,469.1,500.6,554.1,616,596,599.8
596,556.9,584.6,580,562.6,574.3,542.1,547,533.7,551.8,582.1,578.2,547.7,552.5,523.8,505.7,446.6,451.7,484,537.4
538.2,525.1,602.3,617.8,655.3,609,593.6,598.1,540.8,588,672.1,662.6,653.7,661.8,687,699.4,702.7,713.3,769,897.2
491.1,462,470.5,446.1,445.5,425.8,401.1,408.1,421,433.2,429.4,437.6,452.5,490.9,511.5,524.1,529.7,527.2,551.5,726.7
579.3,590.9,634.8,606.3,552.7,500.7,478.4,490.7,502.5,519.3,543.9,572.9,589.2,602.8,611.9,623.7,638.1,651.7,705.7,731.7
570.9,579.9,535.4,550.2,576.8,547.4,555.3,543.6,508.2,520.5,554,580,563,548.1,535.5,535.7,547.3,557,593.2,603.6
507,495,620.4,613.4,627.1,622.4,590.7,566.2,557.8,588.7,602.9,601.2,617.6,615.4,633.1,642.4,649.3,703.5,737.4,750.4
610.4,727.8,763.6,722.2,708.4,673.1,671.9,651.9,611.2,638.1,654.1,670.9,720,788.9,865.9,846.6,934.2,988.4,992.8,969.1
716.2,658.3,581.5,521.7,507,529.9,567.5,595.7,602.1,636.8,659.4,658.3,622.4,621.2,637.3,648.6,636.7,598.7,576.8,589
633.5,665.6,645.2,568.8,415.1,383.6,410.6,441.7,446.7,418.1,384.4,373,338.8,332,332,329.6,333.4,348.3,389.1,432.1
461.3,510.7,480.5,441.2,415,410.6,396.3,399.3,409.6,417.4,420.6,424.6,407.2,402.3,391.5,399.1,415.3,430.4,452.7,479.7
564.3,587.3,586.8,578.1,572.3,539.1,542.1,525.5,538.9,571.5,580,572.2,542.5,553.1,546.2,564.4,613.9,618.1,655.3,664.6
551.8,529.7,489.9,485.7,437.2,440.7,478.8,479.5,477.7,464.4,488.8,433.3,369.2,353.9,356.9,360.4,369.2,429.4,448.7,486.1
430.4,510.2,529.7,496.1,483.3,457.5,439.3,425,413.5,407.2,406,430.5,454.9,442.9,448.4,461.4,476.7,489.6,504.7,508.9
479.7,478.8,461.7,458.2,513.1,526.4,507.6,528.2,519.1,516.8,513.9,484.9,446.2,496.7,533.2,592.3,664.5,677.9,724,766.8
426.2,415.8,416,391.5,339,330.5,321.4,315,320.9,319.5,325.7,320.1,327.3,361.5,365.9,380.4,382.5,395.6,417.1,427.9
693.1,695.2,670.7,638.5,580.4,535.4,522.6,532.2,560.9,575.2,589,592,595.5,599.6,608.1,611.5,634.4,646.6,644,614
573.5,604,616.1,477.5,502.1,511.1,528.2,517.5,520.1,521.7,531.2,519.5,430.7,415.4,411.2,428.5,449.7,492.9,554.2,612.3
469.8,452.4,448.9,485.6,486.9,455.5,434.3,424.7,429.4,418.5,424.3,429.7,454.2,461.9,479.2,513.1,538.2,546.6,581.9,625.2
564.8,584.1,598.2,576.9,581.8,582.9,595.9,591.6,579,561.7,551.6,540.7,556.6,591.9,657,647.7,668.8,676.2,709.6,771.8
486.7,528.6,567.9,567.7,554.1,601.4,613.2,633,639.8,651.9,605.4,506.5,482.7,468.7,474.4,502.2,559.1,611.1,636.2,660
485.5,482.9,525.9,568.6,579.7,563.1,541.3,507.7,471.1,466.8,412.8,383.3,383,384.2,386.7,380.4,390.2,414.8,439.4,467
467.3,518.5,544.8,571.1,567.7,556.5,551.9,520.2,548.1,555.7,549,538.4,515,502.1,463.7,478.6,496.7,501,552.9,619
478.1,479.6,497.3,476.7,454.9,438.1,434.7,427.4,421.7,429.8,417.7,405.7,393.2,400,404.8,404.1,406.3,448.5,490.6,542.1
488.9,499.7,482.6,451.9,426.8,442.9,440.9,431.7,426.8,425.1,454.1,437.4,424.8,430,446.3,471.4,476,478.6,474,480.6
478.7,486.3,481.2,431.3,387.6,383.2,392.6,409.9,425.9,441,425.9,414.4,459.4,442.2,483.8,512,552.4,581.5,583.2,568.2
520.4,478.6,453.9,472.1,475.7,482.9,488.8,496.8,472.8,465.7,456.6,447.7,443.1,435.1,422.5,427.3,443,464.7,481.8,511.9
534.8,570.7,581.5,562.4,549.5,538,550.8,516.5,496.9,386.5,405,416.5,390.4,386.1,373.2,374.8,388.7,407,480.8,539.5
604.8,621.8,584.6,534.8,485.8,445.4,418.7,407.3,411.5,419.1,439.8,449.8,443.9,441.8,439,447.5,461.3,500.9,558.9,600.4
562.1,615.2,584.2,612.8,604.4,540.5,526.8,492.5,491.9,466.4,479.5,480.3,480,473.5,497.6,573,522.3,547.4,577.5,677.8
634.8,651.8,631.8,646.5,597.5,591.9,547.2,486,460.8,432.5,435.3,430.8,436,452.9,448.2,501.9,551,570.2,571.6,599.7
674.4,650.8,601.6,534.2,481.7,411.8,389.9,351.7,351.4,364.1,372.2,365.8,377.1,388.8,397,390.8,433.1,458.9,516.7,560.9
632.7,639.4,620.7,608.8,597.3,571.7,563.9,574.8,559.6,549.8,535.6,516.5,496.8,494.8,491,498.6,514,542.6,564.5,579.1
710.8,681.5,703.8,684.8,650.2,635.9,595.5,593.4,593.3,560.6,516.5,508.6,464,466,431.1,435.6,452.2,487.6,524.6,570.7
597.5,566.6,486.2,484.4,438.8,422.4,423.4,426,436.8,448.7,458.3,467.2,467,484,505.2,523.5,556.1,607.9,644.1,675.9
612.2,683.1,673.7,691.9,680.6,684.3,687.5,604.6,591.4,586.5,553.4,550.6,595.2,633.3,657,669.5,686.6,723.9,782,793.3
552.3,537.4,485.6,440.8,457.6,477.7,495.8,509.5,488.4,440,425.6,422.8,404.2,374.9,359.7,359.6,366.2,406.1,430,464.4
513.8,487.9,493.5,488.4,485.3,487.9,453.8,413.2,406.5,413,407.2,398.6,396.6,389.1,392.5,388,371,368.3,372.4,369
553.7,610.5,612.7,600.9,563.5,536,500.1,458.9,448.7,447.6,439,431.6,421.9,433.5,435.2,454.3,505.9,559.3,612.3,641.5
512.8,497.4,491.6,502.4,512,502.3,519.1,478.3,443.1,396.1,372.8,357.4,363.5,370.8,382,409.8,414.6,432.5,442.3,447.7
610.3,616.7,584.8,554.9,514.6,525.9,520.7,506,497.5,492.1,474.9,470.7,452.1,442.9,434.6,435,440.4,469.7,489.3,522.2
553.2,576.1,549.9,511.7,500,473.3,501.4,508.6,510.8,507,486.6,477.2,483.5,478.2,484.1,488.1,498.5,492.1,485.3,492.9
711.7,670.9,605.4,579.1,498.5,513.5,505,475.5,470.3,483.5,470.7,453.5,448.9,449.4,484.3,511.3,528.1,569.4,643.1,669.8
598.3,606.5,628.2,622.2,601.1,546.9,518.9,493.9,486,473.2,480.2,522.4,534.4,573.5,627.5,675.2,704.9,743.8,740.7,781.3
587.8,578.7,594.8,606.1,529.5,506.4,521.1,518.8,523.2,532.3,543.8,531.4,491.2,475.5,441.7,450.4,428.9,432.6,440.1,455.7
589.4,649.1,646.6,618.2,579.8,527.6,494.6,467.2,475.1,483.2,497.3,510.5,496.3,524.7,604.9,704.7,732.1,755.4,824.9,867.2
558.9,596.3,649.6,651.8,601.7,534.7,469.7,422.9,352.2,330.9,325.6,343.6,326.1,321.7,310.3,315.5,386.1,428,472.3,522.5
807.3,781.7,678.1,637.4,611.5,636.4,624,548.5,549,523.6,517.1,514.5,509.1,500.1,505.7,530.2,532,632.5,636.3,667.2
514.8,500.3,500.4,495.5,477.1,467.4,457,452,462.8,480.1,483.4,493.2,495.9,497.6,520.5,514.5,544.7,563.1,607.4,609.1
563.1,621.7,712.7,676.6,608.1,535.3,491.9,471.5,469.4,478.9,471.6,460.1,457.5,435.7,454.3,469.3,478.9,498.4,511.5,539.1
657.5,643.2,581.9,483.2,459.4,412.4,396.9,401,418.3,446.6,467.1,461.2,459,506.7,562.4,579.7,559.8,603.1,629.8,633.3
586,572.6,564.5,561.1,526.1,501.4,477.9,448.5,436.9,434.7,469,474.7,476.2,468.7,476,473.9,475,493.2,527.6,562.6
654.2,726,747.1,738.9,705.6,634.3,563.6,577.9,605.8,597.1,585.3,554.5,557.7,543.5,518.4,516.1,535.6,577.5,609.4,652.8
510.1,526.4,507.3,522.8,520.4,496.1,537.5,564.9,547.8,543.7,571.1,601.5,659.2,706.5,728.3,763.6,800.7,808.1,883.2,1014.8
591.9,638.7,592.7,582.8,547.4,513,475.8,477.9,463.5,424.6,409.6,392,374.4,371.1,385.2,377.1,392.6,417.6,434.4,474.6
649.8,592.9,615.6,598.2,557.1,482.1,463.8,468.1,459.5,488.7,489.9,472.1,464.5,479.2,479.9,545.1,574.7,559.3,584.6,600.4
500.2,523.1,540.9,601.1,633.6,640.4,583.3,575.6,528.8,527.9,521.2,509.3,566.1,667.7,711.4,747.8,773.9,810.4,823.3,844.6
534.8,542,548.8,550.9,496.8,466.6,501.2,531.2,531.1,470.1,453.8,428.2,461.4,480.5,483.5,540,574.8,580.2,580.5,587.2
581.5,588.7,545.8,502.3,508,562.9,567.9,597.2,603.9,589,495.1,436.4,378,363.6,376.7,396.2,420.4,441.7,472,498.9
690.5,695.9,636,628.9,558.9,506.6,503.4,479.1,470.6,461.3,457.8,439.9,424.7,443.2,454.8,478.6,537,544.1,558.1,598.4
719,773.9,801,729,712.1,617.4,534.1,462,470.5,473.6,477.4,480.3,475.8,486.8,486.1,489.1,500.6,539.8,590.9,627.9
633.9,638.1,580.8,526.9,482.1,463.4,454.4,453.6,465.2,466.8,466.2,473.8,472.6,475.6,493.3,489.5,519.4,557.3,627.5,685.7
612.8,557.7,547,494.4,496,480.6,452.4,453.3,485.1,400.1,377,370.3,402.3,420.8,467.5,495.5,494.6,514.2,572.5,601.9
665.8,709.2,703,641.6,545.2,500.9,444.1,416.7,443.2,426.3,459,499.8,520.6,630.8,629.1,631,678.2,839.8,899,913
569.7,587.4,606.1,601.6,585,577.8,550.9,523.6,505.2,507.5,487.2,494.5,491.1,481.4,484.3,496.5,496.9,506.7,526.9,551.5
557,570.5,530.3,519.3,492.9,460.4,428.8,392.9,402.7,406.3,419.5,433.3,416,404.4,391.5,387.5,381,362.7,379.2,379.8
704.4,614.9,657.8,631.2,616.7,604.5,599.8,606.4,572.4,489.7,479.1,485.1,494.1,491.9,488.3,508.3,525.3,575.7,617,623.4
735.1,703,705.9,652.1,647,554.7,532.9,497.9,480.2,489.8,524.5,568.2,586.9,632.4,655.4,706.6,780.6,813.3,872,912.5
714.5,650.7,655.6,629,577.7,609.1,587.3,567.7,516.3,473,503,479.6,484.1,477.4,487.5,503.3,501,541.6,623.5,582
659.5,682.2,700.6,705.3,707.8,654.4,590,554.7,507.8,454.2,452.1,433.3,418.5,419.1,445.1,499.5,521,651.7,708.2,735.7
619,624.9,577.4,509.6,428.8,412.7,403.6,365.2,352.7,350.9,347.6,350.1,350.5,331.2,349.3,363.8,377.2,399.7,466.2,528.2
700.7,789.4,812.3,813.7,731,679.9,628.5,551.9,495.6,483.5,483.7,475.5,477.9,474.2,468.4,489.6,522.9,553.6,610.3,643.4
672.5,683,743.7,767.1,760,759.1,703.1,594.4,556,484.6,473.8,436.7,453.9,461.2,500.6,602.8,673.6,735.7,784.1,801.2
378.4,377.2,352.8,346.8,351.4,354.6,354.1,398.3,438,495.4,545.6,575,582.5,591.3,609.8,648,628.8,601.1,615.8,663.3
404.7,372.2,340.5,323.6,313,310.5,326.5,315.8,313.5,344.4,384,411.2,471.8,550.2,584.6,625.5,665.5,712.7,690,798.2
472.1,432.7,460.1,455.3,451.6,419.4,416.3,407,405.5,419.6,448,456.8,504.7,563.3,616.4,633.1,648.3,740.5,807.5,1021.6
343.8,340.6,335.7,366.8,348,334.4,369.3,447.5,493.9,532.4,618.6,642,694.8,744.4,729,734.1,775.1,863.5,842.5,627.2
397.1,381.9,350.7,345.3,333.9,348.2,358.9,368.3,375.5,422.1,437,442.7,511.3,581.7,593.4,638.7,754.4,854.8,965,1068.3
434.4,427.6,447.3,445.2,454.6,469.1,487.4,505.1,516,528.5,522.6,517.6,558.9,583.3,610.1,578.5,623.1,788.3,837.2,741.6
474.3,474.2,444.4,427,425.4,487.6,505.7,544,582.3,621.5,647.5,677.8,686.6,662.4,638.7,643.1,755.8,827.5,907.9,957.6
309.5,310,300.2,303.5,289.3,283.4,286.8,284.4,284.2,294.9,316.3,348.2,373.9,413,511.2,589.3,652.7,729.7,766,886
382,407.4,417.5,409.7,383.1,374.7,382.3,400.7,421.9,440.9,501.1,534.9,566.1,571.1,560.6,478.4,511.3,559.2,608.7,655
440.6,380.4,355.7,326.8,312.7,305.8,306.7,304.9,304.5,307.9,308.4,324.5,350,407.9,464.8,700.3,772.6,786.7,700.6,734.3
488.5,436.2,429.1,414.1,404.7,379.5,377.8,390.9,405.2,397,404,431.1,480.1,532.6,610.8,808.3,858.7,972.3,955.1,1043.5
463.2,415.6,381.1,384,366.8,375,391.6,473.1,535.9,603.8,651.9,662.4,703.1,752.5,760.7,760.9,819,870.4,814.7,764.5
347.1,325.2,305.7,292.3,299.3,322.7,324.9,332.2,346.2,358.9,400.8,447.5,446,513.5,545.8,615.9,684.6,735.8,818.9,883.9
510,503.2,477.6,474.1,473,476.9,485.8,497.1,507.6,502.1,498.7,518.7,547.9,577.5,593.2,586.5,728.9,726.8,718.6,757.3
451.9,470,465.5,489.3,493.2,491.3,513.7,537.4,577.1,634.2,710.5,750,744.6,713.5,662.6,737.1,924.5,1081.8,1094.5,1036.5
298.6,297.5,280.2,275.3,270,265.2,267,274.4,284.3,300.1,320.4,352.9,425.9,461.1,501.5,552.5,644.1,725.3,871.9,912
466.4,487.5,512.4,503,498.5,519.1,546.4,556.3,598.5,671.8,674.5,768.7,764.6,733.2,705.3,634.1,619.6,666.1,699.2,776.6
320,345.1,328.4,328.4,346.4,352.9,351.8,349.6,362.5,392.4,446.1,463.5,524.6,651.3,630.4,606.7,595.7,557.6,604.4,719.1
451.8,429.9,421.2,423.7,438.6,453.2,468.6,496.8,533.8,558.9,630.7,735.9,766.2,807.8,738.5,643.8,565.7,548.2,564.4,614.4
394.8,357.2,358.6,363.2,356.9,356.7,396.5,424.7,435.4,475.1,508.6,550.2,608.8,693.7,815.6,813.6,750.9,818,950.8,1037.3
444.8,417.4,403,394,392.6,390.6,394.3,400.1,412.3,431.2,448.7,478.4,532.7,609.2,639.7,612.1,620.3,698,713.8,810.2
438.6,477.3,468.7,428.1,400.6,399.8,391.8,403.6,422.1,441.9,457.6,468.3,499.8,526,579.9,713.4,918.2,875.3,866.1,889.2
476.8,465.4,449.3,408.8,386,362.1,359.8,362.5,368,379.8,392.3,406.1,414.4,430.4,475.8,559.6,765.9,827.1,907.6,852.6
367.1,360.8,357.9,377.7,358.8,353.8,360.8,370.4,389,405.9,398.8,404.2,437.9,498.9,661.2,709.1,639.9,566,603.8,692.1
408.2,361.8,370.4,377.6,382.8,397.8,404.6,416,444.5,457.4,468.8,498.3,564.6,652.4,682.3,683.4,775.3,892.6,922.7,965.5
367.6,375.2,318.9,321.1,320.5,315.1,302,289.3,292.1,314.2,338.4,349.9,358.7,390.6,416.3,488.5,516.5,542.4,564.4,545.6
520.8,460.1,453.2,434.8,415.9,422.4,447.7,429.7,441.2,448,492.6,569,641.3,679.8,675,682.5,702.5,810.4,923.1,1015.6
427,377.5,365.6,361.4,381.4,426.1,487.5,556.9,601.2,666,733.5,713,733.5,791.2,834.8,844,801.1,796.1,753.6,751.8
338.4,311.8,298.9,308.6,311.7,316,318.6,347.3,387.8,453.8,547.7,693.1,732.4,761.4,817.2,835.2,863,939.8,1005.3,1024.5
467.9,451.1,414.6,407,421.3,430.2,449.1,458.9,476.9,481.6,484.9,488.2,500.1,528.7,565.2,604.6,617.2,688.6,722.8,675.9
438.2,439.2,430.2,434.8,397.7,399,425.6,433.2,452.5,500.9,561.5,644.8,724.4,756.6,827.5,865.1,882.8,964.6,1014.1,1015.6
361.5,299.5,297.9,306.2,299.3,288.6,291.2,306.1,319.9,334.4,363.9,390.3,475.4,531.6,587.5,710.9,740.8,818.7,898.8,952.2
614.3,596.9,573.2,571.9,579.2,586.4,609,617.1,638.7,666,681.8,687.9,655.7,651.5,667.6,701.3,774.7,850.6,883,939.6
353.8,375.5,349.8,319.5,314.8,316.3,318.6,327.4,343.6,341.8,342,434.7,405.8,431.4,466,514,571.7,670.3,726.7,876.5
651.4,681.7,697.5,706.1,599.4,551.5,555.4,640.8,672.2,692.2,718.8,664.9,669.3,688.9,693.2,670.3,618.3,590.5,612.8,636
464.6,497.3,563.7,611.1,638.4,635.4,631.7,615.3,604.6,635.2,681.9,709.9,752,784.8,834.5,857.6,896.1,939.2,1025.1,1111.2
403.1,401.8,408.8,395.6,368.8,418.4,461.3,494.4,512.5,518.9,525.4,499.3,478.4,502.8,535.4,609.3,687.3,732.4,762.6,797.3
443.7,433.9,431.9,426.1,425.2,446.4,470,536.9,605.5,697.5,719.6,732.6,751.3,792.6,838.2,852.9,840.7,849.8,915.9,907.7
509.7,469.9,441.9,420.3,404.3,402.1,411.6,436.3,450.9,482.1,484.4,499.1,518.2,537.4,525,557.9,604.6,556.2,614.9,735.5
632.5,603.7,574.9,582.3,568.5,536.4,540.6,545.5,554.9,539.1,524.7,531.7,543.7,601.5,613.4,664.4,716.1,752.5,863.7,873.6
583.4,522.8,506.3,480.4,471.8,482.8,511,516.1,542.6,547.3,549.2,530.9,569.3,634.7,723.7,772.6,781,776.2,773.6,866.9
386.1,375,371.8,387.9,387.5,369.4,370.3,376.1,394.7,403.9,390.4,415.2,491.7,548.4,617.3,624.4,597.6,665.4,759.6,823.1
608.2,649.1,608.1,584.2,581.8,560.8,573.7,622.4,660.1,640.8,664.9,692.8,674.6,696.2,657.4,660.8,696.3,661.5,648.5,701.2
449.3,489.8,529.4,547.9,635.6,644.9,614.9,612.7,632.4,652.5,677.9,774.1,828.4,899.6,1033.5,1129.8,1197.9,1322.4,1388.3,1395.1
445.8,427,402,389.8,383.6,372.1,367.3,418.7,462.3,493.5,520.1,539.7,561.9,546.6,514.2,531.7,556,638.2,730.2,877
458.5,478.1,469.2,474,487.3,505.5,522.3,535.6,569.6,610.6,635,685.8,755.1,826.9,923.6,990.8,946.4,920.3,907.5,924.4
499.3,454.7,429.8,419.1,403.8,388.7,405.1,440.3,461,472.4,502.1,513.4,526.3,557.3,641.3,684.1,661.6,621.8,630.5,707.2
654.7,590.2,526.2,513.1,512.3,502.6,508.1,513.8,526.9,541.5,532.1,540.3,575.2,592.6,621.2,640.5,696.8,773.1,823.1,835.7
458.3,449.3,444,453.4,466.8,495.4,517.6,571.9,630.2,667.9,703.9,772,860.9,949.8,1044.2,936.6,926.1,915.5,932.3,899.1
353.4,318.4,273.8,275.5,285.1,287.7,297.1,305.8,325.7,353,405.8,490.9,597.9,667.1,690.9,878.2,909.5,855.8,808.7,772.9
402.7,408.8,389.1,386.9,386.2,377.4,402.7,426.2,444.6,462.5,511.7,553.4,598.4,655,707.2,854.4,871.3,910.9,997.8,1052.8
386.3,389.4,395.4,411.8,432.9,437.3,460.5,512.8,525,534.5,536.4,570.6,623.2,649.3,706,780.3,897.3,993.7,1124.4,1197.7
580.2,582.1,567.6,557.4,562.1,568.2,590.5,615.1,638.2,641,642.8,676.4,764.3,857,863.8,829,833.5,853.3,825.7,833.7
514.7,524.5,561.3,569.4,593.3,593.7,614.5,639.9,668.5,665,664.6,739.6,777.9,810,725.8,695.9,705.9,735.2,745.5,776.8
482.2,453.7,445,410.2,403.6,403.3,425.5,449.4,493,518.8,499.5,508.8,571,624,657.2,667.3,696.9,733.7,825.5,927.1
496.9,522.3,514.1,500.4,540.5,601.6,646.9,670.7,704.9,707.7,707,751.1,732.8,712.8,750.1,716.3,757.1,832.5,898.3,920.6
626.9,621.8,584.1,544.3,522.9,515.4,509.9,522.8,526.8,542.9,568.2,590,591.5,593,606.6,630.9,660.5,684,726.1,770.4
375.5,384,373,350.4,343.4,357.6,357.2,352.6,376.3,366.4,386.3,389.6,451.3,510.5,566.4,570.6,582,656.5,753.9,881.2
573.1,551.2,503.2,476,497.1,503.9,558.3,590.8,593.7,541.9,569.5,558.4,578.8,611,664.3,661.5,678.6,718.2,795.9,905.6
428,429,448.2,456.4,458.7,462.4,474.4,506.8,536.4,570.2,621.4,673,725.5,819.5,989.3,1141.7,1250.8,1256.1,1259.6,1336.5
443.3,392,363.5,345.6,342.9,350.4,360.1,410.6,527.8,542.3,572.2,654,644,651.3,644.8,659.2,730.2,801.1,840.4,856.4
417.3,385.9,375.7,370.6,374.7,378.3,391.6,413.5,428.5,499.6,557.5,591.2,671.2,742.2,789.3,821.7,808.7,807.9,801,819.6
480.6,443.3,433.9,434,451.3,467.7,481.8,495.4,523.1,539.2,552.5,583.5,639.7,706.8,712.5,734,738.2,789.9,865.9,858.7
637.3,561.5,532.9,508.9,498.3,502.1,499.7,531.1,519,510.3,495,499.1,539.5,568.7,623.8,654,714.3,708.5,725.5,783.1
522.3,504.7,555.8,566.9,591.8,603.8,618.4,662.1,689,766.2,794.9,809.7,830.9,837.5,838.7,847,826.5,837.1,874.6,889.7
411.5,410,450.6,469.1,481.3,479.7,459.4,448.6,421,398.9,383.6,399.7,427.5,408.9,400,390.6,395,387.7,385,393.8
385.9,386.7,400.7,423,414.7,408.3,398.9,383.8,390.4,378.2,374.7,364.6,369.9,374.1,368.2,376.7,375.9,389.1,386.5,393.2
569.1,540.6,537,509.7,516.2,536.8,548,555,541.7,536,522.7,490,485.6,479,471.9,476.6,490.6,500.1,514.3,539.9
414.5,426.8,450.9,510.6,539.7,568.8,548.2,535.5,532.1,536.4,531.3,499.3,455.2,414.8,423,423,436.1,445.1,445.9,464.7
497,487.6,475.3,507.3,528.3,530.1,523.3,536.7,533.5,529.9,523.5,525.9,510.9,522.2,526.7,524.2,525.3,535.4,552.7,559.4
460.6,436.8,436.8,434.3,443.9,450.7,464,476.9,491.3,508.3,524.8,532.3,507.6,490.6,468.2,442.7,464.9,479.7,486.8,486.3
400.9,402.3,416.9,433.7,442.9,454.9,459.7,457.1,471.1,472.2,472.9,493.7,522.3,523.1,521.6,533.8,534.9,553.9,575.4,589.3
511.4,522.4,552.9,573.1,577.3,563.6,540.9,496.8,456.6,420.6,418.2,405.4,390.5,378.3,370,359.2,365.7,377.6,381.4,397.6
466.9,454.8,456.1,442,453.6,446,446.9,458.4,477.3,506.5,546,571.4,576.9,518,474,478.5,475.7,466.6,473,480.7
436.8,454.3,466.6,509.7,546.8,567,550.2,545.8,520.8,486.9,470.2,448.3,402,406.5,398.9,391.6,404.6,413.6,418.6,424.8
453.2,484,494.6,502,522.1,544.2,560.3,530.5,508.3,490.2,468.1,424,388.5,360.7,350.7,341,338.5,342.6,343,351.9
463,490.2,526.4,561,571.8,555.1,546.7,542.5,529.3,551.3,544.3,520.3,502.7,494.7,498.5,494.2,496.6,501.8,508.2,515.4
461.9,468.5,505,535.6,546.3,538.2,540.1,558.4,570.4,560.6,567.5,547.3,520.9,506.1,504.7,488.7,508,520.2,559,578.9
523.7,547.9,574,575.1,570.7,569.9,564.9,583.9,608.3,617.6,599.3,525.5,495,464,442.4,428,417,416.7,418.5,422.9
506.6,536.1,570.9,585,600.9,596,585.5,600.8,607.6,630,667.8,713.5,709.6,705.1,663.8,690.6,699.8,726.4,759.6,774.3
456.6,464.9,482.2,519.8,547.8,547.1,506.8,509.6,493.9,511.2,513.2,536.2,559.6,503.8,434,442.4,444.3,466.2,467.8,468.9
507.8,496.7,542.2,551.2,570.2,552,521.3,516.6,538.1,535.2,507.8,459.2,420.9,406.8,405.5,416.9,428.5,425.9,421.9,429.7
560.5,555.6,563.1,570.4,533.9,521.1,524.2,518.6,531.1,513.8,484,408.6,392.3,376.1,384.8,380.9,385.4,389.1,406.3,408.9
422,427.4,437.6,469.3,472.2,448.5,422.3,419.6,394,402.5,404.3,383.5,380.2,378.1,391.6,372.3,379.3,383.3,388.9,393.3
520.2,497.1,474.2,474.9,467.6,480.4,503,501,473.7,459.7,467.7,466.2,486.2,514.2,527.6,554.6,574.6,580.5,598.2,614.1
414,435.6,424,397.1,405.3,389.1,372.4,345.4,320.9,314.3,270.7,248.8,250,261.6,260.1,253.4,248.7,262.9,270.8,267.6
383.7,401.6,436.3,464.5,475.9,465,459.8,439.9,456.8,459.9,438.8,428.4,432.7,436.8,424.3,434.8,457.3,450.7,445.6,450.9
486.6,484.1,498.3,520.1,523.8,497.1,466.3,464.9,441.8,422.2,402.9,354.9,344.2,329.2,331.2,336.7,340.2,343.3,346.7,358.7
436.2,452.1,467.3,493.6,502.2,487.3,449.5,424.1,405.5,397.3,346.4,302.1,306.5,309.8,322.4,320.8,334.9,369.3,360.7,383.9
350.8,380.5,407.7,437.3,476.6,481.1,489.4,472,475.4,476.4,466.2,471.3,451.9,411.7,412.3,408.5,403.3,409.9,409.5,409.7
541.8,530.1,524.8,525.2,517.8,512,518.2,521.9,518.7,503,513,486.5,472.9,466.6,445.2,436.3,414.3,405,411,417.5
476.6,448.4,430.5,412.5,413.8,412.7,411.2,406.2,400,394.8,391.9,401.2,389.9,375.9,383.6,371.1,374.2,379.6,396.6,416.7
418.9,437,468.6,503.9,540,523.8,503.6,479.6,479.2,476.9,462.2,464,469.8,475.6,468.4,472.2,470.7,471.3,469.3,465.9
515.2,525.4,550.4,576.3,560.1,550.6,552.2,544.8,532,523.8,490.4,435.2,414.4,415,428.6,442.1,447.3,473,486.6,520.6
502.4,511.6,533.6,528.3,514.1,512.8,508.5,488.6,461.5,430.9,417.9,410.2,417.8,420.2,417.3,385.8,380.3,378.8,385.3,375.7
439.5,449.2,468.9,496,520.9,523.8,561.3,553.4,555.4,574.7,579.5,566.3,537.7,528.1,524.3,527.7,546.6,552.8,584.3,624.7
615,626.5,608,617.8,584.8,545.5,529.8,471.4,390.4,342.2,321.7,286.7,272.9,276.9,281.1,288.6,294.4,301.7,318.8,343.2
448.7,527.8,563.7,617.6,628.6,618.2,591.8,576.1,545.6,545.3,514.1,459.5,421.9,415.2,416.9,406.5,410.7,419,427,432
449.6,489.7,525.6,565.5,560.2,558.2,540.5,531.2,517.3,463.3,427.9,420.9,385.6,372.4,374.4,377.6,381.1,389.5,410.7,436.8
407,415.3,428.8,434.4,440,450.5,499.7,509.2,506.6,486.1,449.9,450.4,411.9,402.2,390.1,380,374.7,370.7,359.4,364.6
520.5,513.7,526.2,526.2,494.8,495.9,495.8,496.4,496.5,490.4,531.1,536.5,536.1,525.4,533.5,545.3,568.4,562.2,597.9,609.6
396.6,335.7,332.6,354.3,410.1,458.3,468.1,475.4,503.5,506.8,521,541.8,520.3,512.2,526.8,534.1,542.4,570.2,598,637.5
504.5,540.8,572.3,584.9,588.2,593.9,616.8,587.8,578.8,587.6,576.9,575.1,553.6,538.6,556.3,594.9,607.2,626.1,652.5,694.7
536.7,565.1,570.1,566.4,556.9,543.5,511.2,480.5,462.4,445.5,410.4,388.5,354,352.8,354.5,355.2,352.3,352.3,347.8,346.5
629.5,650.3,667.6,648.1,649.3,615,604.7,582.3,549.1,515.9,492,479.3,463.3,449.1,449.1,450.2,452.5,456.9,462.1,468.9
485.6,571.4,616.9,641,667.3,644.4,615.4,648.6,614.8,567.4,510.7,437.7,421,407,390.7,382.8,396.8,412.7,419.1,431.4
514.2,530.4,551.1,537.4,542,545,515.9,461,429.9,404.6,388.1,385.4,386.2,403,411.1,429.8,452.3,503.3,544.8,583
530.3,530.1,511,503.6,492.1,477.1,475.5,465.5,442.3,434.8,435.7,446.6,431.5,416.7,420.5,428,429.4,427.2,427.4,437.1
506,517.1,521.4,530.1,565.2,626.4,618.1,629.3,626.3,611,572.9,569,550.3,542.8,533.8,538.7,554,572.3,618.6,659.2
596.7,599.2,588,564.2,572.5,603.5,613,608.3,568.3,557.5,554.7,569.6,589.9,569.3,561.6,578.4,610.2,646.3,654.5,664.6
505.4,543.1,567,551.3,546.8,547.9,550.7,554.5,528.9,529.2,522,523.4,561,608.1,601.5,601.3,611.4,623.9,651.5,667.4
422.4,457.3,517.6,555.5,586.3,546.5,532.3,494.9,483.1,451.5,431.2,393.2,371.2,360.2,360,359.2,366.9,374.3,376.2,381.3
637.4,651.6,659.1,661.3,648.8,638,651,644.4,634.2,637.8,614.8,605.3,606.2,602,596.2,582.1,583,579.3,588.9,599.6
454.6,470.1,500.2,512.6,517.1,525.4,523.2,528.7,533.6,561,580.9,595.4,646.7,650.3,687.5,742,822.3,848.5,838.3,832.2
521.6,547.4,559.4,559.2,560.7,540.6,518.8,534.2,511.4,529.1,513.4,510,501.5,515.2,527.9,531.5,545.3,589.6,617.9,618.9
392.4,407.9,424.4,426.2,426.6,417.2,442.2,473.3,501.2,505.7,450.9,410.6,376.8,370.5,358.7,353.6,363.9,363.2,365,368.6
481,493.3,520,527,524.4,508.5,527.3,533.2,533.6,528.5,518.8,499.7,481.7,459.8,452.1,473.4,478.5,477.1,475.1,477.3
457,517.3,526.2,537.1,548.7,527.8,513.2,487.4,495.4,490.3,472.1,461.9,453.1,455.6,461.9,472.9,484.1,509,532.8,542.8
405.8,421.6,405.4,411.8,416.4,413.2,394.8,370.5,360.9,365.8,373.1,391.8,406,426.2,437.3,449.9,460.4,468.8,471,474.2
445,462.6,484.3,484.6,487.7,503.4,488.3,484.9,470.8,464.7,443.5,420.1,406.8,379.8,388.6,400.7,433,448.3,494.7,484.8
437,460.3,479.9,477.4,488,507.7,490.3,472.7,445.3,416.5,420.6,435.8,455.1,473,501.4,523,552.5,581.7,597.3,617.2
436.1,467.1,504.4,538.9,565.2,539.2,514.3,482.9,482.6,482.1,500.8,472.1,446.3,440.8,432.1,437,444.1,453.7,460.8,465.5
426.9,456.2,513.2,556.7,588.5,603.9,577.2,572.1,582.3,551.6,518.6,492.5,478,465.5,466,453.8,452.5,452.7,444.1,435
506.8,496.1,471.7,496.3,481.5,502.7,501.6,519.6,501.2,509.7,503.3,489.1,449.4,449.1,402.9,389.6,397,419.7,445.2,457.1
461.9,456.4,487.5,511.7,560.9,585.2,565.9,545.3,543.2,538.8,550.2,537.7,531.5,536.6,540.9,535,559.8,571.2,589.4,612.8
489.9,470.9,462.9,440.5,456.7,472.3,493.6,481.1,499.1,480.4,502.4,514.5,528.3,533.1,541.7,537.5,542.9,572.3,572.8,575.9
559.3,563.1,548.1,519.1,524.5,522.2,525.4,527.8,537.2,565.8,601.8,617,626.7,652.8,672.8,684.7,710.3,760.4,792.8,824.6
443.3,432.2,450.1,465.5,491.2,506.7,481.9,469.8,457.9,427.6,404.2,361.5,334,304.3,307.3,316,319.5,324.2,328.3,328.1
552.5,567.3,607.3,635.2,606.3,596.4,600.4,634.8,597.8,572.9,532.9,487.3,478.9,465.3,471.7,476.7,475.4,489,510.3,524.7
616.2,637.2,664.3,688.8,690.6,689.4,674.6,675.9,665.9,658.3,625,638.6,621.7,636.7,659.5,636.8,654.8,680.3,692.8,714.3
