participant,effect,q_sum,lextale_std,eq_std,estimate
558aab19fdf99b65685f0142,boundary_separation,-1,-0.2828491821710718,2.052391027996232,1.433135
558aab19fdf99b65685f0142,boundary_separation,1,-0.2828491821710718,2.052391027996232,2.041345
558aab19fdf99b65685f0142,drift_rate,-1,-0.2828491821710718,2.052391027996232,1.316005
558aab19fdf99b65685f0142,drift_rate,1,-0.2828491821710718,2.052391027996232,1.337715
55ce148b34e9060012e56279,boundary_separation,-1,-0.7290338075676921,-0.5092297634195828,2.386875
55ce148b34e9060012e56279,boundary_separation,1,-0.7290338075676921,-0.5092297634195828,1.57259
55ce148b34e9060012e56279,drift_rate,-1,-0.7290338075676921,-0.5092297634195828,0.6683515
55ce148b34e9060012e56279,drift_rate,1,-0.7290338075676921,-0.5092297634195828,1.37534
5630246f733ea0000f1633dd,boundary_separation,-1,-0.2828491821710718,0.39487169237423425,0.9707315000000001
5630246f733ea0000f1633dd,boundary_separation,1,-0.2828491821710718,0.39487169237423425,1.37393
5630246f733ea0000f1633dd,drift_rate,-1,-0.2828491821710718,0.39487169237423425,1.3008099999999998
5630246f733ea0000f1633dd,drift_rate,1,-0.2828491821710718,0.39487169237423425,1.3195649999999999
5658000ca9872d0011e1ba26,boundary_separation,-1,-0.35721328640384187,1.0729477842195971,2.42009
5658000ca9872d0011e1ba26,boundary_separation,1,-0.35721328640384187,1.0729477842195971,1.959695
5658000ca9872d0011e1ba26,drift_rate,-1,-0.35721328640384187,1.0729477842195971,1.62279
5658000ca9872d0011e1ba26,drift_rate,1,-0.35721328640384187,1.0729477842195971,1.6951
565a4547c51d43000587507d,boundary_separation,-1,1.3531611109498691,0.47021348035705235,3.62364
565a4547c51d43000587507d,boundary_separation,1,1.3531611109498691,0.47021348035705235,1.78339
565a4547c51d43000587507d,drift_rate,-1,1.3531611109498691,0.47021348035705235,1.320055
565a4547c51d43000587507d,drift_rate,1,1.3531611109498691,0.47021348035705235,1.292745
56e6a66af6ed900006a5867c,boundary_separation,-1,-0.8033979118004622,-0.20786261148831048,1.6495199999999999
56e6a66af6ed900006a5867c,boundary_separation,1,-0.8033979118004622,-0.20786261148831048,2.2674149999999997
56e6a66af6ed900006a5867c,drift_rate,-1,-0.8033979118004622,-0.20786261148831048,1.7961749999999999
56e6a66af6ed900006a5867c,drift_rate,1,-0.8033979118004622,-0.20786261148831048,1.75042
5727aecae386b9000f4000cd,boundary_separation,-1,-0.35721328640384187,-0.13252082350549238,0.9102334999999999
5727aecae386b9000f4000cd,boundary_separation,1,-0.35721328640384187,-0.13252082350549238,1.5921150000000002
5727aecae386b9000f4000cd,drift_rate,-1,-0.35721328640384187,-0.13252082350549238,1.44924
5727aecae386b9000f4000cd,drift_rate,1,-0.35721328640384187,-0.13252082350549238,1.312655
57901207c9abeb0001af353e,boundary_separation,-1,-0.505941494869382,2.2030746039618685,1.979155
57901207c9abeb0001af353e,boundary_separation,1,-0.505941494869382,2.2030746039618685,1.660385
57901207c9abeb0001af353e,drift_rate,-1,-0.505941494869382,2.2030746039618685,1.6360450000000002
57901207c9abeb0001af353e,drift_rate,1,-0.505941494869382,2.2030746039618685,1.5852
5844812dc5bc3a0001a4d553,boundary_separation,-1,-0.20848507793830176,-0.2832043994711286,2.2435850000000004
5844812dc5bc3a0001a4d553,boundary_separation,1,-0.20848507793830176,-0.2832043994711286,1.9623
5844812dc5bc3a0001a4d553,drift_rate,-1,-0.20848507793830176,-0.2832043994711286,0.516124
5844812dc5bc3a0001a4d553,drift_rate,1,-0.20848507793830176,-0.2832043994711286,0.7853129999999999
588e3172bc9f190001487eb8,boundary_separation,-1,0.014607234760008385,-0.659913339385219,1.417335
588e3172bc9f190001487eb8,boundary_separation,1,0.014607234760008385,-0.659913339385219,1.2777699999999999
588e3172bc9f190001487eb8,drift_rate,-1,0.014607234760008385,-0.659913339385219,1.209265
588e3172bc9f190001487eb8,drift_rate,1,0.014607234760008385,-0.659913339385219,1.29597
58a5cf959e040a0001399f07,boundary_separation,-1,-0.5803055991021521,2.052391027996232,1.3811200000000001
58a5cf959e040a0001399f07,boundary_separation,1,-0.5803055991021521,2.052391027996232,1.376645
58a5cf959e040a0001399f07,drift_rate,-1,-0.5803055991021521,2.052391027996232,1.1955399999999998
58a5cf959e040a0001399f07,drift_rate,1,-0.5803055991021521,2.052391027996232,1.2522
58f0fca0d40252000192f201,boundary_separation,-1,-0.35721328640384187,0.31952990439141615,1.444375
58f0fca0d40252000192f201,boundary_separation,1,-0.35721328640384187,0.31952990439141615,1.58928
58f0fca0d40252000192f201,drift_rate,-1,-0.35721328640384187,0.31952990439141615,1.123535
58f0fca0d40252000192f201,drift_rate,1,-0.35721328640384187,0.31952990439141615,1.518985
59dba8575cddae0001ff0780,boundary_separation,-1,-0.654669703334922,-0.7352551273680371,1.551035
59dba8575cddae0001ff0780,boundary_separation,1,-0.654669703334922,-0.7352551273680371,1.36941
59dba8575cddae0001ff0780,drift_rate,-1,-0.654669703334922,-0.7352551273680371,1.343145
59dba8575cddae0001ff0780,drift_rate,1,-0.654669703334922,-0.7352551273680371,1.292565
59dc458f77860e000151240e,boundary_separation,-1,-0.43157739063661194,2.2784163919446865,1.46732
59dc458f77860e000151240e,boundary_separation,1,-0.43157739063661194,2.2784163919446865,1.113005
59dc458f77860e000151240e,drift_rate,-1,-0.43157739063661194,2.2784163919446865,1.511855
59dc458f77860e000151240e,drift_rate,1,-0.43157739063661194,2.2784163919446865,1.6556700000000002
59e91cebae9f950001d8466a,boundary_separation,-1,-0.9521261202660023,-0.8859387033336733,0.9912559999999999
59e91cebae9f950001d8466a,boundary_separation,1,-0.9521261202660023,-0.8859387033336733,1.79969
59e91cebae9f950001d8466a,drift_rate,-1,-0.9521261202660023,-0.8859387033336733,1.420935
59e91cebae9f950001d8466a,drift_rate,1,-0.9521261202660023,-0.8859387033336733,1.227255
5a0502cb517dfb00013db4a3,boundary_separation,-1,-0.5803055991021521,-1.7146983711446722,1.220535
5a0502cb517dfb00013db4a3,boundary_separation,1,-0.5803055991021521,-1.7146983711446722,1.31505
5a0502cb517dfb00013db4a3,drift_rate,-1,-0.5803055991021521,-1.7146983711446722,1.287235
5a0502cb517dfb00013db4a3,drift_rate,1,-0.5803055991021521,-1.7146983711446722,1.342425
5a2e19cca3a512000195866a,boundary_separation,-1,0.1633354432255485,-1.488673007196218,1.7159200000000001
5a2e19cca3a512000195866a,boundary_separation,1,0.1633354432255485,-1.488673007196218,1.5686900000000001
5a2e19cca3a512000195866a,drift_rate,-1,0.1633354432255485,-1.488673007196218,1.385345
5a2e19cca3a512000195866a,drift_rate,1,0.1633354432255485,-1.488673007196218,1.395495
5acacdcd0527ba0001c24bad,boundary_separation,-1,-0.505941494869382,-0.9612804913164914,1.758305
5acacdcd0527ba0001c24bad,boundary_separation,1,-0.505941494869382,-0.9612804913164914,2.318975
5acacdcd0527ba0001c24bad,drift_rate,-1,-0.505941494869382,-0.9612804913164914,1.0549
5acacdcd0527ba0001c24bad,drift_rate,1,-0.505941494869382,-0.9612804913164914,0.8408525
5adfbd52f6b58c0001fa8f3c,boundary_separation,-1,0.08897133899277844,1.5249985121165055,1.3075350000000001
5adfbd52f6b58c0001fa8f3c,boundary_separation,1,0.08897133899277844,1.5249985121165055,1.1646100000000001
5adfbd52f6b58c0001fa8f3c,drift_rate,-1,0.08897133899277844,1.5249985121165055,1.3075800000000002
5adfbd52f6b58c0001fa8f3c,drift_rate,1,0.08897133899277844,1.5249985121165055,1.465585
5aea962d0ef2f20001858c9c,boundary_separation,-1,-0.43157739063661194,-1.0366222792993094,1.266135
5aea962d0ef2f20001858c9c,boundary_separation,1,-0.43157739063661194,-1.0366222792993094,1.05474
5aea962d0ef2f20001858c9c,drift_rate,-1,-0.43157739063661194,-1.0366222792993094,1.4291399999999999
5aea962d0ef2f20001858c9c,drift_rate,1,-0.43157739063661194,-1.0366222792993094,1.543455
5aede0b676b763000132f6a4,boundary_separation,-1,-0.9521261202660023,0.39487169237423425,1.367035
5aede0b676b763000132f6a4,boundary_separation,1,-0.9521261202660023,0.39487169237423425,1.426525
5aede0b676b763000132f6a4,drift_rate,-1,-0.9521261202660023,0.39487169237423425,1.286095
5aede0b676b763000132f6a4,drift_rate,1,-0.9521261202660023,0.39487169237423425,1.282655
5b15d20c444cef0001cb1153,boundary_separation,-1,-1.1752184329643125,0.6208970563226885,2.561745
5b15d20c444cef0001cb1153,boundary_separation,1,-1.1752184329643125,0.6208970563226885,2.78226
5b15d20c444cef0001cb1153,drift_rate,-1,-1.1752184329643125,0.6208970563226885,1.835665
5b15d20c444cef0001cb1153,drift_rate,1,-1.1752184329643125,0.6208970563226885,1.74607
5b50881a59119400018abaf3,boundary_separation,-1,0.08897133899277844,2.3537581799275045,1.39737
5b50881a59119400018abaf3,boundary_separation,1,0.08897133899277844,2.3537581799275045,1.42977
5b50881a59119400018abaf3,drift_rate,-1,0.08897133899277844,2.3537581799275045,1.560095
5b50881a59119400018abaf3,drift_rate,1,0.08897133899277844,2.3537581799275045,1.511615
5b5b455d8fb47700015830b7,boundary_separation,-1,-0.13412097370553172,1.6756820880821417,1.5901200000000002
5b5b455d8fb47700015830b7,boundary_separation,1,-0.13412097370553172,1.6756820880821417,1.3039299999999998
5b5b455d8fb47700015830b7,drift_rate,-1,-0.13412097370553172,1.6756820880821417,1.2381449999999998
5b5b455d8fb47700015830b7,drift_rate,1,-0.13412097370553172,1.6756820880821417,1.36281
5bb6413cb4dca50001df0096,boundary_separation,-1,0.1633354432255485,1.75102387606496,2.2119600000000004
5bb6413cb4dca50001df0096,boundary_separation,1,0.1633354432255485,1.75102387606496,1.85616
5bb6413cb4dca50001df0096,drift_rate,-1,0.1633354432255485,1.75102387606496,1.6078649999999999
5bb6413cb4dca50001df0096,drift_rate,1,0.1633354432255485,1.75102387606496,1.7883200000000001
5bc5356e65cfb8000154bd82,boundary_separation,-1,-0.7290338075676921,-0.8859387033336733,1.5817999999999999
5bc5356e65cfb8000154bd82,boundary_separation,1,-0.7290338075676921,-0.8859387033336733,1.76303
5bc5356e65cfb8000154bd82,drift_rate,-1,-0.7290338075676921,-0.8859387033336733,1.30056
5bc5356e65cfb8000154bd82,drift_rate,1,-0.7290338075676921,-0.8859387033336733,1.27716
5bc9f91f418bad00016c6773,boundary_separation,-1,-0.20848507793830176,0.6962388443055066,1.3645
5bc9f91f418bad00016c6773,boundary_separation,1,-0.20848507793830176,0.6962388443055066,1.116505
5bc9f91f418bad00016c6773,drift_rate,-1,-0.20848507793830176,0.6962388443055066,1.2766950000000001
5bc9f91f418bad00016c6773,drift_rate,1,-0.20848507793830176,0.6962388443055066,1.52552
5bdab584b341a4000154256b,boundary_separation,-1,-0.5803055991021521,-0.5845715514024009,1.25968
5bdab584b341a4000154256b,boundary_separation,1,-0.5803055991021521,-0.5845715514024009,1.453995
5bdab584b341a4000154256b,drift_rate,-1,-0.5803055991021521,-0.5845715514024009,1.62226
5bdab584b341a4000154256b,drift_rate,1,-0.5803055991021521,-0.5845715514024009,1.57548
5c049e9bad9a9700011b877b,boundary_separation,-1,0.981340589786019,0.8469224202711428,1.494935
5c049e9bad9a9700011b877b,boundary_separation,1,0.981340589786019,0.8469224202711428,1.13411
5c049e9bad9a9700011b877b,drift_rate,-1,0.981340589786019,0.8469224202711428,1.2096900000000002
5c049e9bad9a9700011b877b,drift_rate,1,0.981340589786019,0.8469224202711428,1.38673
5c1919fbd9241d0001363964,boundary_separation,-1,-0.43157739063661194,0.7715806322883247,4.41822
5c1919fbd9241d0001363964,boundary_separation,1,-0.43157739063661194,0.7715806322883247,1.7543199999999999
5c1919fbd9241d0001363964,drift_rate,-1,-0.43157739063661194,0.7715806322883247,0.5882240000000001
5c1919fbd9241d0001363964,drift_rate,1,-0.43157739063661194,0.7715806322883247,1.123495
5c1dc77ee2d9150001b5b70e,boundary_separation,-1,-0.654669703334922,0.6208970563226885,1.94316
5c1dc77ee2d9150001b5b70e,boundary_separation,1,-0.654669703334922,0.6208970563226885,1.2161499999999998
5c1dc77ee2d9150001b5b70e,drift_rate,-1,-0.654669703334922,0.6208970563226885,1.35396
5c1dc77ee2d9150001b5b70e,drift_rate,1,-0.654669703334922,0.6208970563226885,1.6611799999999999
5c59aecb6ca5e600017206de,boundary_separation,-1,-0.20848507793830176,0.09350454044296189,2.230525
5c59aecb6ca5e600017206de,boundary_separation,1,-0.20848507793830176,0.09350454044296189,1.617825
5c59aecb6ca5e600017206de,drift_rate,-1,-0.20848507793830176,0.09350454044296189,1.134275
5c59aecb6ca5e600017206de,drift_rate,1,-0.20848507793830176,0.09350454044296189,1.41183
5c5fc78e96dff400013607a5,boundary_separation,-1,0.08897133899277844,-0.9612804913164914,2.57081
5c5fc78e96dff400013607a5,boundary_separation,1,0.08897133899277844,-0.9612804913164914,2.5709400000000002
5c5fc78e96dff400013607a5,drift_rate,-1,0.08897133899277844,-0.9612804913164914,0.615982
5c5fc78e96dff400013607a5,drift_rate,1,0.08897133899277844,-0.9612804913164914,0.7631030000000001
5c6d460ec3aa150001145611,boundary_separation,-1,-1.1752184329643125,0.6208970563226885,2.50788
5c6d460ec3aa150001145611,boundary_separation,1,-1.1752184329643125,0.6208970563226885,2.816765
5c6d460ec3aa150001145611,drift_rate,-1,-1.1752184329643125,0.6208970563226885,1.104955
5c6d460ec3aa150001145611,drift_rate,1,-1.1752184329643125,0.6208970563226885,1.42473
5c70eafaf6c9fe00013eeafb,boundary_separation,-1,-0.43157739063661194,-0.9612804913164914,1.608145
5c70eafaf6c9fe00013eeafb,boundary_separation,1,-0.43157739063661194,-0.9612804913164914,1.96982
5c70eafaf6c9fe00013eeafb,drift_rate,-1,-0.43157739063661194,-0.9612804913164914,1.305965
5c70eafaf6c9fe00013eeafb,drift_rate,1,-0.43157739063661194,-0.9612804913164914,1.221565
5c742339e621f900163f4543,boundary_separation,-1,-0.43157739063661194,0.9222642082539608,1.85594
5c742339e621f900163f4543,boundary_separation,1,-0.43157739063661194,0.9222642082539608,1.43839
5c742339e621f900163f4543,drift_rate,-1,-0.43157739063661194,0.9222642082539608,1.25069
5c742339e621f900163f4543,drift_rate,1,-0.43157739063661194,0.9222642082539608,1.51003
5c75471e5eb59f000131c7a4,boundary_separation,-1,0.6095200686221688,-0.4338879754367647,3.01998
5c75471e5eb59f000131c7a4,boundary_separation,1,0.6095200686221688,-0.4338879754367647,1.58414
5c75471e5eb59f000131c7a4,drift_rate,-1,0.6095200686221688,-0.4338879754367647,0.421595
5c75471e5eb59f000131c7a4,drift_rate,1,0.6095200686221688,-0.4338879754367647,1.505385
5cdf215da7b516001828bdda,boundary_separation,-1,-0.8033979118004622,0.6208970563226885,1.478785
5cdf215da7b516001828bdda,boundary_separation,1,-0.8033979118004622,0.6208970563226885,1.509115
5cdf215da7b516001828bdda,drift_rate,-1,-0.8033979118004622,0.6208970563226885,1.312595
5cdf215da7b516001828bdda,drift_rate,1,-0.8033979118004622,0.6208970563226885,1.335975
5ced8f96a726ed0015d31452,boundary_separation,-1,-0.2828491821710718,-0.05717903552267429,1.78276
5ced8f96a726ed0015d31452,boundary_separation,1,-0.2828491821710718,-0.05717903552267429,1.34877
5ced8f96a726ed0015d31452,drift_rate,-1,-0.2828491821710718,-0.05717903552267429,1.3157100000000002
5ced8f96a726ed0015d31452,drift_rate,1,-0.2828491821710718,-0.05717903552267429,1.5569250000000001
5d0ac7504d57690017a355ef,boundary_separation,-1,-0.43157739063661194,-0.9612804913164914,1.807705
5d0ac7504d57690017a355ef,boundary_separation,1,-0.43157739063661194,-0.9612804913164914,2.0557999999999996
5d0ac7504d57690017a355ef,drift_rate,-1,-0.43157739063661194,-0.9612804913164914,1.30754
5d0ac7504d57690017a355ef,drift_rate,1,-0.43157739063661194,-0.9612804913164914,1.26355
5d0d260f7374b40019cef54a,boundary_separation,-1,-0.05975686947276167,0.8469224202711428,1.4665
5d0d260f7374b40019cef54a,boundary_separation,1,-0.05975686947276167,0.8469224202711428,1.581105
5d0d260f7374b40019cef54a,drift_rate,-1,-0.05975686947276167,0.8469224202711428,1.206405
5d0d260f7374b40019cef54a,drift_rate,1,-0.05975686947276167,0.8469224202711428,1.172085
5d184b040a274600013f7107,boundary_separation,-1,-0.43157739063661194,1.1482895722024151,1.7606899999999999
5d184b040a274600013f7107,boundary_separation,1,-0.43157739063661194,1.1482895722024151,1.71311
5d184b040a274600013f7107,drift_rate,-1,-0.43157739063661194,1.1482895722024151,1.48978
5d184b040a274600013f7107,drift_rate,1,-0.43157739063661194,1.1482895722024151,1.488655
5d22686d9b3bf900019d73c0,boundary_separation,-1,-0.43157739063661194,-1.7146983711446722,2.15202
5d22686d9b3bf900019d73c0,boundary_separation,1,-0.43157739063661194,-1.7146983711446722,2.4361550000000003
5d22686d9b3bf900019d73c0,drift_rate,-1,-0.43157739063661194,-1.7146983711446722,1.41475
5d22686d9b3bf900019d73c0,drift_rate,1,-0.43157739063661194,-1.7146983711446722,1.3215
5d453e8723a5bb0001492546,boundary_separation,-1,-0.35721328640384187,-1.0366222792993094,1.5351650000000001
5d453e8723a5bb0001492546,boundary_separation,1,-0.35721328640384187,-1.0366222792993094,1.31156
5d453e8723a5bb0001492546,drift_rate,-1,-0.35721328640384187,-1.0366222792993094,1.298405
5d453e8723a5bb0001492546,drift_rate,1,-0.35721328640384187,-1.0366222792993094,1.5523099999999999
5d4613a2da9cb60001aa4948,boundary_separation,-1,-0.05975686947276167,-0.9612804913164914,1.72534
5d4613a2da9cb60001aa4948,boundary_separation,1,-0.05975686947276167,-0.9612804913164914,2.071205
5d4613a2da9cb60001aa4948,drift_rate,-1,-0.05975686947276167,-0.9612804913164914,1.342735
5d4613a2da9cb60001aa4948,drift_rate,1,-0.05975686947276167,-0.9612804913164914,1.74142
5d61798f7ad20f001b74922e,boundary_separation,-1,-0.43157739063661194,-0.5845715514024009,1.5569199999999999
5d61798f7ad20f001b74922e,boundary_separation,1,-0.43157739063661194,-0.5845715514024009,1.32166
5d61798f7ad20f001b74922e,drift_rate,-1,-0.43157739063661194,-0.5845715514024009,1.40801
5d61798f7ad20f001b74922e,drift_rate,1,-0.43157739063661194,-0.5845715514024009,1.4525649999999999
5d62886927a84f00010fbbb4,boundary_separation,-1,-1.1008543287315424,-1.6393565831618542,1.874025
5d62886927a84f00010fbbb4,boundary_separation,1,-1.1008543287315424,-1.6393565831618542,1.7510400000000002
5d62886927a84f00010fbbb4,drift_rate,-1,-1.1008543287315424,-1.6393565831618542,1.3154599999999999
5d62886927a84f00010fbbb4,drift_rate,1,-1.1008543287315424,-1.6393565831618542,1.34395
5d8f8510f3e52d0018924390,boundary_separation,-1,-0.35721328640384187,-0.3585461874539467,4.635999999999999
5d8f8510f3e52d0018924390,boundary_separation,1,-0.35721328640384187,-0.3585461874539467,2.70646
5d8f8510f3e52d0018924390,drift_rate,-1,-0.35721328640384187,-0.3585461874539467,1.74844
5d8f8510f3e52d0018924390,drift_rate,1,-0.35721328640384187,-0.3585461874539467,1.778355
5dcc5f2545b8f98fd44ab4d7,boundary_separation,-1,-0.43157739063661194,0.31952990439141615,1.224715
5dcc5f2545b8f98fd44ab4d7,boundary_separation,1,-0.43157739063661194,0.31952990439141615,1.300275
5dcc5f2545b8f98fd44ab4d7,drift_rate,-1,-0.43157739063661194,0.31952990439141615,1.5354299999999999
5dcc5f2545b8f98fd44ab4d7,drift_rate,1,-0.43157739063661194,0.31952990439141615,1.558325
5dd1ab5dd3ac2a21600f87b8,boundary_separation,-1,0.08897133899277844,0.9222642082539608,3.2421550000000003
5dd1ab5dd3ac2a21600f87b8,boundary_separation,1,0.08897133899277844,0.9222642082539608,1.961605
5dd1ab5dd3ac2a21600f87b8,drift_rate,-1,0.08897133899277844,0.9222642082539608,1.2265700000000002
5dd1ab5dd3ac2a21600f87b8,drift_rate,1,0.08897133899277844,0.9222642082539608,1.3832650000000002
5dd32e9deab0423455e0358f,boundary_separation,-1,0.014607234760008385,-1.8653819471103084,1.7842850000000001
5dd32e9deab0423455e0358f,boundary_separation,1,0.014607234760008385,-1.8653819471103084,1.4246699999999999
5dd32e9deab0423455e0358f,drift_rate,-1,0.014607234760008385,-1.8653819471103084,1.54555
5dd32e9deab0423455e0358f,drift_rate,1,0.014607234760008385,-1.8653819471103084,1.8457
5ddda819ca7466d2350d77c6,boundary_separation,-1,-0.43157739063661194,-1.488673007196218,1.789205
5ddda819ca7466d2350d77c6,boundary_separation,1,-0.43157739063661194,-1.488673007196218,1.5306700000000002
5ddda819ca7466d2350d77c6,drift_rate,-1,-0.43157739063661194,-1.488673007196218,1.289485
5ddda819ca7466d2350d77c6,drift_rate,1,-0.43157739063661194,-1.488673007196218,1.590335
5deec7e78b5f8b5683c0355a,boundary_separation,-1,-1.1008543287315424,0.8469224202711428,1.6146449999999999
5deec7e78b5f8b5683c0355a,boundary_separation,1,-1.1008543287315424,0.8469224202711428,1.2215600000000002
5deec7e78b5f8b5683c0355a,drift_rate,-1,-1.1008543287315424,0.8469224202711428,1.24416
5deec7e78b5f8b5683c0355a,drift_rate,1,-1.1008543287315424,0.8469224202711428,1.41214
5e14bd64617219ae6593485a,boundary_separation,-1,-1.0264902244987724,-2.0914073110587625,1.6414849999999999
5e14bd64617219ae6593485a,boundary_separation,1,-1.0264902244987724,-2.0914073110587625,1.025245
5e14bd64617219ae6593485a,drift_rate,-1,-1.0264902244987724,-2.0914073110587625,0.5882205
5e14bd64617219ae6593485a,drift_rate,1,-1.0264902244987724,-2.0914073110587625,1.263185
5e1a7114a90da52e206de7ea,boundary_separation,-1,-0.505941494869382,0.0181627524601438,1.33759
5e1a7114a90da52e206de7ea,boundary_separation,1,-0.505941494869382,0.0181627524601438,1.29669
5e1a7114a90da52e206de7ea,drift_rate,-1,-0.505941494869382,0.0181627524601438,1.370165
5e1a7114a90da52e206de7ea,drift_rate,1,-0.505941494869382,0.0181627524601438,1.4875150000000001
5e2ec46a316225000cf293ce,boundary_separation,-1,-0.2828491821710718,-1.4133312192134,2.42414
5e2ec46a316225000cf293ce,boundary_separation,1,-0.2828491821710718,-1.4133312192134,1.42565
5e2ec46a316225000cf293ce,drift_rate,-1,-0.2828491821710718,-1.4133312192134,0.7379675
5e2ec46a316225000cf293ce,drift_rate,1,-0.2828491821710718,-1.4133312192134,1.48018
5e2f131d0473500224f75035,boundary_separation,-1,-0.35721328640384187,0.16884632842577998,1.764885
5e2f131d0473500224f75035,boundary_separation,1,-0.35721328640384187,0.16884632842577998,1.948125
5e2f131d0473500224f75035,drift_rate,-1,-0.35721328640384187,0.16884632842577998,1.38431
5e2f131d0473500224f75035,drift_rate,1,-0.35721328640384187,0.16884632842577998,1.307855
5e307b72ef67c706b15f4453,boundary_separation,-1,-0.20848507793830176,-0.3585461874539467,1.2729249999999999
5e307b72ef67c706b15f4453,boundary_separation,1,-0.20848507793830176,-0.3585461874539467,1.543195
5e307b72ef67c706b15f4453,drift_rate,-1,-0.20848507793830176,-0.3585461874539467,1.28004
5e307b72ef67c706b15f4453,drift_rate,1,-0.20848507793830176,-0.3585461874539467,1.328015
5e387f2c0d70ef099d5e5a4f,boundary_separation,-1,0.38642775592385864,0.6962388443055066,1.39959
5e387f2c0d70ef099d5e5a4f,boundary_separation,1,0.38642775592385864,0.6962388443055066,1.43399
5e387f2c0d70ef099d5e5a4f,drift_rate,-1,0.38642775592385864,0.6962388443055066,1.2049349999999999
5e387f2c0d70ef099d5e5a4f,drift_rate,1,0.38642775592385864,0.6962388443055066,1.390975
5e3dff6b8714b707b9a258b0,boundary_separation,-1,-0.8777620160332322,-0.5092297634195828,2.394155
5e3dff6b8714b707b9a258b0,boundary_separation,1,-0.8777620160332322,-0.5092297634195828,2.232205
5e3dff6b8714b707b9a258b0,drift_rate,-1,-0.8777620160332322,-0.5092297634195828,0.397786
5e3dff6b8714b707b9a258b0,drift_rate,1,-0.8777620160332322,-0.5092297634195828,0.7308835
5e5e11aed2420e129dc155ce,boundary_separation,-1,-0.2828491821710718,0.5455552683398704,1.6264750000000001
5e5e11aed2420e129dc155ce,boundary_separation,1,-0.2828491821710718,0.5455552683398704,1.8375249999999999
5e5e11aed2420e129dc155ce,drift_rate,-1,-0.2828491821710718,0.5455552683398704,1.3778700000000002
5e5e11aed2420e129dc155ce,drift_rate,1,-0.2828491821710718,0.5455552683398704,1.28083
5e85088b3f06400f3f75e21f,boundary_separation,-1,-0.654669703334922,-1.2626476432477638,1.703905
5e85088b3f06400f3f75e21f,boundary_separation,1,-0.654669703334922,-1.2626476432477638,1.546035
5e85088b3f06400f3f75e21f,drift_rate,-1,-0.654669703334922,-1.2626476432477638,1.50261
5e85088b3f06400f3f75e21f,drift_rate,1,-0.654669703334922,-1.2626476432477638,1.869135
5e88dc8c101fec57cb09fa3a,boundary_separation,-1,-0.7290338075676921,0.16884632842577998,1.383005
5e88dc8c101fec57cb09fa3a,boundary_separation,1,-0.7290338075676921,0.16884632842577998,3.306285
5e88dc8c101fec57cb09fa3a,drift_rate,-1,-0.7290338075676921,0.16884632842577998,1.6111550000000001
5e88dc8c101fec57cb09fa3a,drift_rate,1,-0.7290338075676921,0.16884632842577998,0.1057615
5e8a5f27f35994098ee9a4aa,boundary_separation,-1,0.38642775592385864,0.8469224202711428,2.437045
5e8a5f27f35994098ee9a4aa,boundary_separation,1,0.38642775592385864,0.8469224202711428,2.400595
5e8a5f27f35994098ee9a4aa,drift_rate,-1,0.38642775592385864,0.8469224202711428,1.13277
5e8a5f27f35994098ee9a4aa,drift_rate,1,0.38642775592385864,0.8469224202711428,1.19515
5e92a1a4fc57e20f92eef47f,boundary_separation,-1,-0.505941494869382,0.9222642082539608,1.36028
5e92a1a4fc57e20f92eef47f,boundary_separation,1,-0.505941494869382,0.9222642082539608,1.160365
5e92a1a4fc57e20f92eef47f,drift_rate,-1,-0.505941494869382,0.9222642082539608,1.20696
5e92a1a4fc57e20f92eef47f,drift_rate,1,-0.505941494869382,0.9222642082539608,1.378275
5e9498c27ca863327ced415f,boundary_separation,-1,0.08897133899277844,-0.4338879754367647,1.93433
5e9498c27ca863327ced415f,boundary_separation,1,0.08897133899277844,-0.4338879754367647,1.9748999999999999
5e9498c27ca863327ced415f,drift_rate,-1,0.08897133899277844,-0.4338879754367647,1.291335
5e9498c27ca863327ced415f,drift_rate,1,0.08897133899277844,-0.4338879754367647,1.31538
5e960111bc10f706bfe802fe,boundary_separation,-1,0.014607234760008385,0.6208970563226885,1.5231249999999998
5e960111bc10f706bfe802fe,boundary_separation,1,0.014607234760008385,0.6208970563226885,1.28079
5e960111bc10f706bfe802fe,drift_rate,-1,0.014607234760008385,0.6208970563226885,1.2175
5e960111bc10f706bfe802fe,drift_rate,1,0.014607234760008385,0.6208970563226885,1.4872100000000001
5e9a84af150a8012575e4784,boundary_separation,-1,0.3120636516910886,-0.2832043994711286,2.049675
5e9a84af150a8012575e4784,boundary_separation,1,0.3120636516910886,-0.2832043994711286,1.467055
5e9a84af150a8012575e4784,drift_rate,-1,0.3120636516910886,-0.2832043994711286,0.641174
5e9a84af150a8012575e4784,drift_rate,1,0.3120636516910886,-0.2832043994711286,1.238715
5e9b443223881d04be740737,boundary_separation,-1,0.1633354432255485,-0.4338879754367647,2.439395
5e9b443223881d04be740737,boundary_separation,1,0.1633354432255485,-0.4338879754367647,2.2309400000000004
5e9b443223881d04be740737,drift_rate,-1,0.1633354432255485,-0.4338879754367647,1.11964
5e9b443223881d04be740737,drift_rate,1,0.1633354432255485,-0.4338879754367647,1.2652999999999999
5e9fcb1aa7eac5182448d5ab,boundary_separation,-1,0.08897133899277844,1.1482895722024151,1.8347449999999998
5e9fcb1aa7eac5182448d5ab,boundary_separation,1,0.08897133899277844,1.1482895722024151,1.46936
5e9fcb1aa7eac5182448d5ab,drift_rate,-1,0.08897133899277844,1.1482895722024151,1.0983399999999999
5e9fcb1aa7eac5182448d5ab,drift_rate,1,0.08897133899277844,1.1482895722024151,1.208405
5eb0bbbc0be27c183500b45d,boundary_separation,-1,-0.8777620160332322,0.8469224202711428,2.00666
5eb0bbbc0be27c183500b45d,boundary_separation,1,-0.8777620160332322,0.8469224202711428,2.77306
5eb0bbbc0be27c183500b45d,drift_rate,-1,-0.8777620160332322,0.8469224202711428,1.144855
5eb0bbbc0be27c183500b45d,drift_rate,1,-0.8777620160332322,0.8469224202711428,1.0189
5eb3623f751686152660a84b,boundary_separation,-1,1.204432902484329,0.09350454044296189,2.58989
5eb3623f751686152660a84b,boundary_separation,1,1.204432902484329,0.09350454044296189,2.001575
5eb3623f751686152660a84b,drift_rate,-1,1.204432902484329,0.09350454044296189,0.5018830000000001
5eb3623f751686152660a84b,drift_rate,1,1.204432902484329,0.09350454044296189,1.40822
5eb46ccc0c06142c0faae377,boundary_separation,-1,0.6838841728549389,-0.5092297634195828,1.889
5eb46ccc0c06142c0faae377,boundary_separation,1,0.6838841728549389,-0.5092297634195828,1.3286099999999998
5eb46ccc0c06142c0faae377,drift_rate,-1,0.6838841728549389,-0.5092297634195828,1.36273
5eb46ccc0c06142c0faae377,drift_rate,1,0.6838841728549389,-0.5092297634195828,1.3909150000000001
5eb5c26dd25d2549d228fdf1,boundary_separation,-1,-0.9521261202660023,1.1482895722024151,1.525535
5eb5c26dd25d2549d228fdf1,boundary_separation,1,-0.9521261202660023,1.1482895722024151,1.188605
5eb5c26dd25d2549d228fdf1,drift_rate,-1,-0.9521261202660023,1.1482895722024151,1.12663
5eb5c26dd25d2549d228fdf1,drift_rate,1,-0.9521261202660023,1.1482895722024151,1.317135
5eb69d6f0c2db401c496390f,boundary_separation,-1,-0.505941494869382,0.24418811640859808,4.04735
5eb69d6f0c2db401c496390f,boundary_separation,1,-0.505941494869382,0.24418811640859808,1.87397
5eb69d6f0c2db401c496390f,drift_rate,-1,-0.505941494869382,0.24418811640859808,0.866778
5eb69d6f0c2db401c496390f,drift_rate,1,-0.505941494869382,0.24418811640859808,1.240435
5ec4465c16290213a8e30fd5,boundary_separation,-1,-1.0264902244987724,1.901707452030596,1.751795
5ec4465c16290213a8e30fd5,boundary_separation,1,-1.0264902244987724,1.901707452030596,1.389
5ec4465c16290213a8e30fd5,drift_rate,-1,-1.0264902244987724,1.901707452030596,0.9158010000000001
5ec4465c16290213a8e30fd5,drift_rate,1,-1.0264902244987724,1.901707452030596,1.2315999999999998
5ec8ad205fa667395e141ce9,boundary_separation,-1,-0.8777620160332322,-0.9612804913164914,1.49842
5ec8ad205fa667395e141ce9,boundary_separation,1,-0.8777620160332322,-0.9612804913164914,2.561165
5ec8ad205fa667395e141ce9,drift_rate,-1,-0.8777620160332322,-0.9612804913164914,1.1467100000000001
5ec8ad205fa667395e141ce9,drift_rate,1,-0.8777620160332322,-0.9612804913164914,0.26854849999999997
5ed6c9613e5fc912b310c00c,boundary_separation,-1,-0.8777620160332322,-1.9407237350931266,1.842685
5ed6c9613e5fc912b310c00c,boundary_separation,1,-0.8777620160332322,-1.9407237350931266,1.2571050000000001
5ed6c9613e5fc912b310c00c,drift_rate,-1,-0.8777620160332322,-1.9407237350931266,1.35375
5ed6c9613e5fc912b310c00c,drift_rate,1,-0.8777620160332322,-1.9407237350931266,1.5242
5ed92a47585c150e2dc44740,boundary_separation,-1,-0.7290338075676921,-0.2832043994711286,2.514385
5ed92a47585c150e2dc44740,boundary_separation,1,-0.7290338075676921,-0.2832043994711286,2.317665
5ed92a47585c150e2dc44740,drift_rate,-1,-0.7290338075676921,-0.2832043994711286,0.5499665
5ed92a47585c150e2dc44740,drift_rate,1,-0.7290338075676921,-0.2832043994711286,0.6467775
5eda86226763346ac679ca5f,boundary_separation,-1,-1.1008543287315424,-0.2832043994711286,1.6740300000000001
5eda86226763346ac679ca5f,boundary_separation,1,-1.1008543287315424,-0.2832043994711286,1.576715
5eda86226763346ac679ca5f,drift_rate,-1,-1.1008543287315424,-0.2832043994711286,0.79901200000000006
5eda86226763346ac679ca5f,drift_rate,1,-1.1008543287315424,-0.2832043994711286,1.10764
5edfb0770fb0722aa3839b6d,boundary_separation,-1,0.08897133899277844,-0.3585461874539467,1.2127
5edfb0770fb0722aa3839b6d,boundary_separation,1,0.08897133899277844,-0.3585461874539467,1.8864999999999998
5edfb0770fb0722aa3839b6d,drift_rate,-1,0.08897133899277844,-0.3585461874539467,1.369585
5edfb0770fb0722aa3839b6d,drift_rate,1,0.08897133899277844,-0.3585461874539467,1.392445
5ee50130f8d19d080bcc8263,boundary_separation,-1,0.832612381320479,-0.2832043994711286,1.94477
5ee50130f8d19d080bcc8263,boundary_separation,1,0.832612381320479,-0.2832043994711286,1.7942
5ee50130f8d19d080bcc8263,drift_rate,-1,0.832612381320479,-0.2832043994711286,1.1096
5ee50130f8d19d080bcc8263,drift_rate,1,0.832612381320479,-0.2832043994711286,1.31484
5ef411225a5e591d15fda2ec,boundary_separation,-1,-0.5803055991021521,0.9222642082539608,2.2281199999999997
5ef411225a5e591d15fda2ec,boundary_separation,1,-0.5803055991021521,0.9222642082539608,2.40836
5ef411225a5e591d15fda2ec,drift_rate,-1,-0.5803055991021521,0.9222642082539608,0.7703990000000001
5ef411225a5e591d15fda2ec,drift_rate,1,-0.5803055991021521,0.9222642082539608,0.6242129999999999
5efb5360f3f69c084c1ca850,boundary_separation,-1,-0.505941494869382,0.39487169237423425,1.537465
5efb5360f3f69c084c1ca850,boundary_separation,1,-0.505941494869382,0.39487169237423425,1.4341650000000001
5efb5360f3f69c084c1ca850,drift_rate,-1,-0.505941494869382,0.39487169237423425,0.8905909999999999
5efb5360f3f69c084c1ca850,drift_rate,1,-0.505941494869382,0.39487169237423425,1.41792
5f0499756b5d4972f0da9c78,boundary_separation,-1,0.23769954745831853,-1.7900401591274904,1.253195
5f0499756b5d4972f0da9c78,boundary_separation,1,0.23769954745831853,-1.7900401591274904,1.232145
5f0499756b5d4972f0da9c78,drift_rate,-1,0.23769954745831853,-1.7900401591274904,1.180525
5f0499756b5d4972f0da9c78,drift_rate,1,0.23769954745831853,-1.7900401591274904,1.2913549999999998
5f055b6ca28292863f750383,boundary_separation,-1,0.08897133899277844,0.0181627524601438,2.11335
5f055b6ca28292863f750383,boundary_separation,1,0.08897133899277844,0.0181627524601438,1.0971549999999999
5f055b6ca28292863f750383,drift_rate,-1,0.08897133899277844,0.0181627524601438,0.853787
5f055b6ca28292863f750383,drift_rate,1,0.08897133899277844,0.0181627524601438,1.4817550000000002
5f0763da47bd2b3561e8d085,boundary_separation,-1,0.014607234760008385,0.8469224202711428,1.5915400000000002
5f0763da47bd2b3561e8d085,boundary_separation,1,0.014607234760008385,0.8469224202711428,1.65506
5f0763da47bd2b3561e8d085,drift_rate,-1,0.014607234760008385,0.8469224202711428,1.21413
5f0763da47bd2b3561e8d085,drift_rate,1,0.014607234760008385,0.8469224202711428,1.20116
5f121091e95fdc03b5e897d0,boundary_separation,-1,-0.8033979118004622,0.7715806322883247,1.53823
5f121091e95fdc03b5e897d0,boundary_separation,1,-0.8033979118004622,0.7715806322883247,1.095655
5f121091e95fdc03b5e897d0,drift_rate,-1,-0.8033979118004622,0.7715806322883247,1.0867149999999999
5f121091e95fdc03b5e897d0,drift_rate,1,-0.8033979118004622,0.7715806322883247,1.28821
5f14e0f456500058ee865863,boundary_separation,-1,-0.20848507793830176,-0.2832043994711286,3.2338199999999997
5f14e0f456500058ee865863,boundary_separation,1,-0.20848507793830176,-0.2832043994711286,1.850305
5f14e0f456500058ee865863,drift_rate,-1,-0.20848507793830176,-0.2832043994711286,0.5218245
5f14e0f456500058ee865863,drift_rate,1,-0.20848507793830176,-0.2832043994711286,1.5178500000000001
5f163626e9b14f1bfccf2b67,boundary_separation,-1,0.014607234760008385,-1.1873058552649456,2.16945
5f163626e9b14f1bfccf2b67,boundary_separation,1,0.014607234760008385,-1.1873058552649456,1.476185
5f163626e9b14f1bfccf2b67,drift_rate,-1,0.014607234760008385,-1.1873058552649456,0.364629
5f163626e9b14f1bfccf2b67,drift_rate,1,0.014607234760008385,-1.1873058552649456,1.09747
5f186916b4317902cdb28f39,boundary_separation,-1,-0.654669703334922,1.826365664047778,1.41465
5f186916b4317902cdb28f39,boundary_separation,1,-0.654669703334922,1.826365664047778,2.185065
5f186916b4317902cdb28f39,drift_rate,-1,-0.654669703334922,1.826365664047778,1.391965
5f186916b4317902cdb28f39,drift_rate,1,-0.654669703334922,1.826365664047778,1.44762
5f22bdb732432502a2615f3f,boundary_separation,-1,1.6506175278809494,0.8469224202711428,4.63654
5f22bdb732432502a2615f3f,boundary_separation,1,1.6506175278809494,0.8469224202711428,3.4203
5f22bdb732432502a2615f3f,drift_rate,-1,1.6506175278809494,0.8469224202711428,0.404621
5f22bdb732432502a2615f3f,drift_rate,1,1.6506175278809494,0.8469224202711428,1.13118
5f23ff398626c51fdd6c3fb5,boundary_separation,-1,-0.35721328640384187,-0.20786261148831048,1.95451
5f23ff398626c51fdd6c3fb5,boundary_separation,1,-0.35721328640384187,-0.20786261148831048,2.5795
5f23ff398626c51fdd6c3fb5,drift_rate,-1,-0.35721328640384187,-0.20786261148831048,1.112495
5f23ff398626c51fdd6c3fb5,drift_rate,1,-0.35721328640384187,-0.20786261148831048,1.285685
5f2af333a305a1453082fa08,boundary_separation,-1,-0.43157739063661194,-0.8105969153508552,1.526795
5f2af333a305a1453082fa08,boundary_separation,1,-0.43157739063661194,-0.8105969153508552,2.036195
5f2af333a305a1453082fa08,drift_rate,-1,-0.43157739063661194,-0.8105969153508552,1.2598500000000001
5f2af333a305a1453082fa08,drift_rate,1,-0.43157739063661194,-0.8105969153508552,1.35929
5f2cd45cd689ae1ec67c848c,boundary_separation,-1,-0.05975686947276167,0.16884632842577998,1.1455899999999999
5f2cd45cd689ae1ec67c848c,boundary_separation,1,-0.05975686947276167,0.16884632842577998,1.143265
5f2cd45cd689ae1ec67c848c,drift_rate,-1,-0.05975686947276167,0.16884632842577998,1.268975
5f2cd45cd689ae1ec67c848c,drift_rate,1,-0.05975686947276167,0.16884632842577998,1.30733
5f2f03deec679e2cf4a992e6,boundary_separation,-1,-0.505941494869382,1.6003403000993237,1.312165
5f2f03deec679e2cf4a992e6,boundary_separation,1,-0.505941494869382,1.6003403000993237,1.251305
5f2f03deec679e2cf4a992e6,drift_rate,-1,-0.505941494869382,1.6003403000993237,1.3763
5f2f03deec679e2cf4a992e6,drift_rate,1,-0.505941494869382,1.6003403000993237,1.48577
5f317125c5a8420186619723,boundary_separation,-1,-1.3239466414298526,-0.3585461874539467,1.959555
5f317125c5a8420186619723,boundary_separation,1,-1.3239466414298526,-0.3585461874539467,1.422625
5f317125c5a8420186619723,drift_rate,-1,-1.3239466414298526,-0.3585461874539467,1.147475
5f317125c5a8420186619723,drift_rate,1,-1.3239466414298526,-0.3585461874539467,1.3886150000000002
5f32a66eb0b759099d33fb8c,boundary_separation,-1,-0.8033979118004622,1.3743149361508695,1.6993
5f32a66eb0b759099d33fb8c,boundary_separation,1,-0.8033979118004622,1.3743149361508695,1.5917
5f32a66eb0b759099d33fb8c,drift_rate,-1,-0.8033979118004622,1.3743149361508695,1.25721
5f32a66eb0b759099d33fb8c,drift_rate,1,-0.8033979118004622,1.3743149361508695,1.2876500000000002
5f3810bc8049e40ad7b6909a,boundary_separation,-1,-0.654669703334922,-1.0366222792993094,1.195685
5f3810bc8049e40ad7b6909a,boundary_separation,1,-0.654669703334922,-1.0366222792993094,1.264575
5f3810bc8049e40ad7b6909a,drift_rate,-1,-0.654669703334922,-1.0366222792993094,1.3143500000000001
5f3810bc8049e40ad7b6909a,drift_rate,1,-0.654669703334922,-1.0366222792993094,1.37071
5f3bf76b70b2305d2e676bc8,boundary_separation,-1,-0.43157739063661194,-0.8859387033336733,1.1813850000000001
5f3bf76b70b2305d2e676bc8,boundary_separation,1,-0.43157739063661194,-0.8859387033336733,1.2945
5f3bf76b70b2305d2e676bc8,drift_rate,-1,-0.43157739063661194,-0.8859387033336733,1.330635
5f3bf76b70b2305d2e676bc8,drift_rate,1,-0.43157739063661194,-0.8859387033336733,1.314905
5f3d1db8a6057b0217f30a13,boundary_separation,-1,-0.2828491821710718,-1.1873058552649456,2.4475350000000002
5f3d1db8a6057b0217f30a13,boundary_separation,1,-0.2828491821710718,-1.1873058552649456,1.67524
5f3d1db8a6057b0217f30a13,drift_rate,-1,-0.2828491821710718,-1.1873058552649456,1.209345
5f3d1db8a6057b0217f30a13,drift_rate,1,-0.2828491821710718,-1.1873058552649456,1.32681
5f3eeb74bfbc021a779796d2,boundary_separation,-1,-0.505941494869382,0.6962388443055066,1.992955
5f3eeb74bfbc021a779796d2,boundary_separation,1,-0.505941494869382,0.6962388443055066,2.524115
5f3eeb74bfbc021a779796d2,drift_rate,-1,-0.505941494869382,0.6962388443055066,1.118255
5f3eeb74bfbc021a779796d2,drift_rate,1,-0.505941494869382,0.6962388443055066,1.0355750000000001
5f3fecd2bc9bac0b4ca93d30,boundary_separation,-1,0.981340589786019,0.0181627524601438,1.823605
5f3fecd2bc9bac0b4ca93d30,boundary_separation,1,0.981340589786019,0.0181627524601438,1.3363399999999999
5f3fecd2bc9bac0b4ca93d30,drift_rate,-1,0.981340589786019,0.0181627524601438,1.0839750000000001
5f3fecd2bc9bac0b4ca93d30,drift_rate,1,0.981340589786019,0.0181627524601438,1.3483049999999999
5f40de3e899a9b2155b6eabf,boundary_separation,-1,0.08897133899277844,-0.4338879754367647,2.2965400000000002
5f40de3e899a9b2155b6eabf,boundary_separation,1,0.08897133899277844,-0.4338879754367647,1.902675
5f40de3e899a9b2155b6eabf,drift_rate,-1,0.08897133899277844,-0.4338879754367647,1.26711
5f40de3e899a9b2155b6eabf,drift_rate,1,0.08897133899277844,-0.4338879754367647,1.6653950000000002
5f4580ba9ae79f195a9ece38,boundary_separation,-1,1.9480739448120297,0.16884632842577998,1.84116
5f4580ba9ae79f195a9ece38,boundary_separation,1,1.9480739448120297,0.16884632842577998,2.239305
5f4580ba9ae79f195a9ece38,drift_rate,-1,1.9480739448120297,0.16884632842577998,1.52758
5f4580ba9ae79f195a9ece38,drift_rate,1,1.9480739448120297,0.16884632842577998,1.4646949999999999
5f46fd0e30f69f0de0dfa38c,boundary_separation,-1,-0.505941494869382,-0.5845715514024009,1.350095
5f46fd0e30f69f0de0dfa38c,boundary_separation,1,-0.505941494869382,-0.5845715514024009,1.51987
5f46fd0e30f69f0de0dfa38c,drift_rate,-1,-0.505941494869382,-0.5845715514024009,1.0348899999999999
5f46fd0e30f69f0de0dfa38c,drift_rate,1,-0.505941494869382,-0.5845715514024009,1.0907
5f48e9e36d9c7b3b69c5ed4f,boundary_separation,-1,-0.8033979118004622,-0.5092297634195828,2.010385
5f48e9e36d9c7b3b69c5ed4f,boundary_separation,1,-0.8033979118004622,-0.5092297634195828,2.198385
5f48e9e36d9c7b3b69c5ed4f,drift_rate,-1,-0.8033979118004622,-0.5092297634195828,1.3814
5f48e9e36d9c7b3b69c5ed4f,drift_rate,1,-0.8033979118004622,-0.5092297634195828,1.544785
5f49286a48bd2a43821fab14,boundary_separation,-1,-0.2828491821710718,-1.0366222792993094,1.9371450000000001
5f49286a48bd2a43821fab14,boundary_separation,1,-0.2828491821710718,-1.0366222792993094,2.0412999999999997
5f49286a48bd2a43821fab14,drift_rate,-1,-0.2828491821710718,-1.0366222792993094,0.7196815
5f49286a48bd2a43821fab14,drift_rate,1,-0.2828491821710718,-1.0366222792993094,1.061085
5f4cfe26fc6fe994078bedd3,boundary_separation,-1,-0.654669703334922,-0.5092297634195828,2.5400650000000002
5f4cfe26fc6fe994078bedd3,boundary_separation,1,-0.654669703334922,-0.5092297634195828,1.86571
5f4cfe26fc6fe994078bedd3,drift_rate,-1,-0.654669703334922,-0.5092297634195828,1.164375
5f4cfe26fc6fe994078bedd3,drift_rate,1,-0.654669703334922,-0.5092297634195828,1.337105
5f4e50590bf655000c944e16,boundary_separation,-1,-0.7290338075676921,0.24418811640859808,1.27564
5f4e50590bf655000c944e16,boundary_separation,1,-0.7290338075676921,0.24418811640859808,1.541425
5f4e50590bf655000c944e16,drift_rate,-1,-0.7290338075676921,0.24418811640859808,1.28935
5f4e50590bf655000c944e16,drift_rate,1,-0.7290338075676921,0.24418811640859808,1.32278
5f53927e3a8bb66b0f07d471,boundary_separation,-1,1.5018893194154093,0.09350454044296189,1.304205
5f53927e3a8bb66b0f07d471,boundary_separation,1,1.5018893194154093,0.09350454044296189,3.7746399999999998
5f53927e3a8bb66b0f07d471,drift_rate,-1,1.5018893194154093,0.09350454044296189,1.9074499999999999
5f53927e3a8bb66b0f07d471,drift_rate,1,1.5018893194154093,0.09350454044296189,0.0469766
5f5588d8f313fc95927e288b,boundary_separation,-1,-1.0264902244987724,0.47021348035705235,1.265615
5f5588d8f313fc95927e288b,boundary_separation,1,-1.0264902244987724,0.47021348035705235,1.958555
5f5588d8f313fc95927e288b,drift_rate,-1,-1.0264902244987724,0.47021348035705235,1.48447
5f5588d8f313fc95927e288b,drift_rate,1,-1.0264902244987724,0.47021348035705235,1.23721
5f56481f814f890398411ba3,boundary_separation,-1,-0.13412097370553172,-0.2832043994711286,1.124075
5f56481f814f890398411ba3,boundary_separation,1,-0.13412097370553172,-0.2832043994711286,1.15541
5f56481f814f890398411ba3,drift_rate,-1,-0.13412097370553172,-0.2832043994711286,1.320545
5f56481f814f890398411ba3,drift_rate,1,-0.13412097370553172,-0.2832043994711286,1.435635
5f579b85e5442025dcc0c068,boundary_separation,-1,-0.7290338075676921,-0.659913339385219,1.959025
5f579b85e5442025dcc0c068,boundary_separation,1,-0.7290338075676921,-0.659913339385219,2.100455
5f579b85e5442025dcc0c068,drift_rate,-1,-0.7290338075676921,-0.659913339385219,1.205715
5f579b85e5442025dcc0c068,drift_rate,1,-0.7290338075676921,-0.659913339385219,1.1243400000000001
5f582002dff3f038d1eb83c4,boundary_separation,-1,0.08897133899277844,0.9976059962367789,1.6964299999999999
5f582002dff3f038d1eb83c4,boundary_separation,1,0.08897133899277844,0.9976059962367789,1.6589749999999999
5f582002dff3f038d1eb83c4,drift_rate,-1,0.08897133899277844,0.9976059962367789,1.0851600000000001
5f582002dff3f038d1eb83c4,drift_rate,1,0.08897133899277844,0.9976059962367789,1.3191000000000002
5f59196cdfe283117d6e909e,boundary_separation,-1,-0.05975686947276167,1.2236313601852333,2.70223
5f59196cdfe283117d6e909e,boundary_separation,1,-0.05975686947276167,1.2236313601852333,2.015095
5f59196cdfe283117d6e909e,drift_rate,-1,-0.05975686947276167,1.2236313601852333,1.37053
5f59196cdfe283117d6e909e,drift_rate,1,-0.05975686947276167,1.2236313601852333,1.19848
5f656030cd36f609db0da23e,boundary_separation,-1,0.906976485553249,0.09350454044296189,3.0743549999999997
5f656030cd36f609db0da23e,boundary_separation,1,0.906976485553249,0.09350454044296189,1.90118
5f656030cd36f609db0da23e,drift_rate,-1,0.906976485553249,0.09350454044296189,1.243155
5f656030cd36f609db0da23e,drift_rate,1,0.906976485553249,0.09350454044296189,1.12289
5f6a094092466e03262c6b37,boundary_separation,-1,-0.20848507793830176,0.47021348035705235,5.178905
5f6a094092466e03262c6b37,boundary_separation,1,-0.20848507793830176,0.47021348035705235,1.989395
5f6a094092466e03262c6b37,drift_rate,-1,-0.20848507793830176,0.47021348035705235,0.40885249999999995
5f6a094092466e03262c6b37,drift_rate,1,-0.20848507793830176,0.47021348035705235,1.2301199999999999
5f6bc8e8a9a9b4134c8719b4,boundary_separation,-1,-0.5803055991021521,0.09350454044296189,2.011065
5f6bc8e8a9a9b4134c8719b4,boundary_separation,1,-0.5803055991021521,0.09350454044296189,1.873345
5f6bc8e8a9a9b4134c8719b4,drift_rate,-1,-0.5803055991021521,0.09350454044296189,1.2310699999999999
5f6bc8e8a9a9b4134c8719b4,drift_rate,1,-0.5803055991021521,0.09350454044296189,1.28426
5f7058deeb83ab60bb836eae,boundary_separation,-1,0.3120636516910886,-1.1873058552649456,1.3023500000000001
5f7058deeb83ab60bb836eae,boundary_separation,1,0.3120636516910886,-1.1873058552649456,1.0192999999999999
5f7058deeb83ab60bb836eae,drift_rate,-1,0.3120636516910886,-1.1873058552649456,1.161625
5f7058deeb83ab60bb836eae,drift_rate,1,0.3120636516910886,-1.1873058552649456,1.312725
5f7cdbfddd75001800fa84b9,boundary_separation,-1,-0.35721328640384187,-0.659913339385219,1.371
5f7cdbfddd75001800fa84b9,boundary_separation,1,-0.35721328640384187,-0.659913339385219,1.635605
5f7cdbfddd75001800fa84b9,drift_rate,-1,-0.35721328640384187,-0.659913339385219,1.397475
5f7cdbfddd75001800fa84b9,drift_rate,1,-0.35721328640384187,-0.659913339385219,1.27602
5f80bc44efa2c013099af460,boundary_separation,-1,0.08897133899277844,-1.8653819471103084,2.0189199999999996
5f80bc44efa2c013099af460,boundary_separation,1,0.08897133899277844,-1.8653819471103084,2.163385
5f80bc44efa2c013099af460,drift_rate,-1,0.08897133899277844,-1.8653819471103084,1.42343
5f80bc44efa2c013099af460,drift_rate,1,0.08897133899277844,-1.8653819471103084,1.2085949999999999
5f865e9ac5be471b63865294,boundary_separation,-1,-0.2828491821710718,0.16884632842577998,1.72827
5f865e9ac5be471b63865294,boundary_separation,1,-0.2828491821710718,0.16884632842577998,1.9712049999999999
5f865e9ac5be471b63865294,drift_rate,-1,-0.2828491821710718,0.16884632842577998,0.7165155000000001
5f865e9ac5be471b63865294,drift_rate,1,-0.2828491821710718,0.16884632842577998,0.778319
5f8dbc2dbe6a9e10493e3d6e,boundary_separation,-1,1.055704694018789,0.5455552683398704,2.64858
5f8dbc2dbe6a9e10493e3d6e,boundary_separation,1,1.055704694018789,0.5455552683398704,1.589975
5f8dbc2dbe6a9e10493e3d6e,drift_rate,-1,1.055704694018789,0.5455552683398704,0.4889795
5f8dbc2dbe6a9e10493e3d6e,drift_rate,1,1.055704694018789,0.5455552683398704,1.3491900000000001
5f90744a10d3371291f6c0b2,boundary_separation,-1,-1.1008543287315424,1.2236313601852333,3.43894
5f90744a10d3371291f6c0b2,boundary_separation,1,-1.1008543287315424,1.2236313601852333,3.846935
5f90744a10d3371291f6c0b2,drift_rate,-1,-1.1008543287315424,1.2236313601852333,1.26524
5f90744a10d3371291f6c0b2,drift_rate,1,-1.1008543287315424,1.2236313601852333,1.49344
5f9710e93c0e4a07c48e98d9,boundary_separation,-1,-0.8033979118004622,-0.05717903552267429,1.723915
5f9710e93c0e4a07c48e98d9,boundary_separation,1,-0.8033979118004622,-0.05717903552267429,2.5231500000000002
5f9710e93c0e4a07c48e98d9,drift_rate,-1,-0.8033979118004622,-0.05717903552267429,1.370515
5f9710e93c0e4a07c48e98d9,drift_rate,1,-0.8033979118004622,-0.05717903552267429,1.1580650000000001
5f9858b14dff5d10e5c3cdb3,boundary_separation,-1,-0.8033979118004622,-0.7352551273680371,1.631765
5f9858b14dff5d10e5c3cdb3,boundary_separation,1,-0.8033979118004622,-0.7352551273680371,1.50928
5f9858b14dff5d10e5c3cdb3,drift_rate,-1,-0.8033979118004622,-0.7352551273680371,1.219995
5f9858b14dff5d10e5c3cdb3,drift_rate,1,-0.8033979118004622,-0.7352551273680371,1.42565
5f985a6faf071810974a32f8,boundary_separation,-1,-0.8033979118004622,-0.2832043994711286,4.7480150000000005
5f985a6faf071810974a32f8,boundary_separation,1,-0.8033979118004622,-0.2832043994711286,1.48667
5f985a6faf071810974a32f8,drift_rate,-1,-0.8033979118004622,-0.2832043994711286,0.6671435
5f985a6faf071810974a32f8,drift_rate,1,-0.8033979118004622,-0.2832043994711286,1.24307
5f99e3031e4f740c4a2f6cbc,boundary_separation,-1,-0.5803055991021521,-1.8653819471103084,1.70757
5f99e3031e4f740c4a2f6cbc,boundary_separation,1,-0.5803055991021521,-1.8653819471103084,1.542435
5f99e3031e4f740c4a2f6cbc,drift_rate,-1,-0.5803055991021521,-1.8653819471103084,1.184215
5f99e3031e4f740c4a2f6cbc,drift_rate,1,-0.5803055991021521,-1.8653819471103084,1.3907
5fa500331b3c351a9d18488c,boundary_separation,-1,0.08897133899277844,-1.3379894312305818,1.12466
5fa500331b3c351a9d18488c,boundary_separation,1,0.08897133899277844,-1.3379894312305818,1.6436600000000001
5fa500331b3c351a9d18488c,drift_rate,-1,0.08897133899277844,-1.3379894312305818,1.33786
5fa500331b3c351a9d18488c,drift_rate,1,0.08897133899277844,-1.3379894312305818,1.2925200000000001
5faeb0771929e6000941ecc5,boundary_separation,-1,-0.20848507793830176,-0.13252082350549238,1.5600450000000001
5faeb0771929e6000941ecc5,boundary_separation,1,-0.20848507793830176,-0.13252082350549238,1.39066
5faeb0771929e6000941ecc5,drift_rate,-1,-0.20848507793830176,-0.13252082350549238,1.41636
5faeb0771929e6000941ecc5,drift_rate,1,-0.20848507793830176,-0.13252082350549238,1.538485
5fb327660f80c1a4d39fada2,boundary_separation,-1,-0.13412097370553172,-0.5845715514024009,1.574335
5fb327660f80c1a4d39fada2,boundary_separation,1,-0.13412097370553172,-0.5845715514024009,1.25388
5fb327660f80c1a4d39fada2,drift_rate,-1,-0.13412097370553172,-0.5845715514024009,1.22889
5fb327660f80c1a4d39fada2,drift_rate,1,-0.13412097370553172,-0.5845715514024009,1.417065
5fb33ec89c2b44a71c2cd5df,boundary_separation,-1,-0.505941494869382,0.16884632842577998,2.15196
5fb33ec89c2b44a71c2cd5df,boundary_separation,1,-0.505941494869382,0.16884632842577998,1.625035
5fb33ec89c2b44a71c2cd5df,drift_rate,-1,-0.505941494869382,0.16884632842577998,1.0389050000000002
5fb33ec89c2b44a71c2cd5df,drift_rate,1,-0.505941494869382,0.16884632842577998,1.35621
5fb41bf3f84c7006ac8e30f2,boundary_separation,-1,-1.4726748498953928,0.09350454044296189,2.3874750000000002
5fb41bf3f84c7006ac8e30f2,boundary_separation,1,-1.4726748498953928,0.09350454044296189,2.2079050000000002
5fb41bf3f84c7006ac8e30f2,drift_rate,-1,-1.4726748498953928,0.09350454044296189,0.6338285
5fb41bf3f84c7006ac8e30f2,drift_rate,1,-1.4726748498953928,0.09350454044296189,0.9491845
5fb596ff69ed590fff92ba8f,boundary_separation,-1,-0.20848507793830176,0.7715806322883247,1.7312400000000001
5fb596ff69ed590fff92ba8f,boundary_separation,1,-0.20848507793830176,0.7715806322883247,1.48684
5fb596ff69ed590fff92ba8f,drift_rate,-1,-0.20848507793830176,0.7715806322883247,1.23184
5fb596ff69ed590fff92ba8f,drift_rate,1,-0.20848507793830176,0.7715806322883247,1.6208
5fb6da2d039b27111314d871,boundary_separation,-1,0.3120636516910886,0.6208970563226885,3.99026
5fb6da2d039b27111314d871,boundary_separation,1,0.3120636516910886,0.6208970563226885,2.15943
5fb6da2d039b27111314d871,drift_rate,-1,0.3120636516910886,0.6208970563226885,1.04853
5fb6da2d039b27111314d871,drift_rate,1,0.3120636516910886,0.6208970563226885,1.2842
5fb6f3bc48d534199270ad38,boundary_separation,-1,-0.2828491821710718,-0.8105969153508552,2.2433949999999996
5fb6f3bc48d534199270ad38,boundary_separation,1,-0.2828491821710718,-0.8105969153508552,2.1578749999999998
5fb6f3bc48d534199270ad38,drift_rate,-1,-0.2828491821710718,-0.8105969153508552,1.149905
5fb6f3bc48d534199270ad38,drift_rate,1,-0.2828491821710718,-0.8105969153508552,1.60106
5fb87ecac3b7885df134405a,boundary_separation,-1,-0.20848507793830176,-0.8859387033336733,1.4902449999999998
5fb87ecac3b7885df134405a,boundary_separation,1,-0.20848507793830176,-0.8859387033336733,1.13796
5fb87ecac3b7885df134405a,drift_rate,-1,-0.20848507793830176,-0.8859387033336733,1.3002799999999999
5fb87ecac3b7885df134405a,drift_rate,1,-0.20848507793830176,-0.8859387033336733,1.3335
5fb93ffbd40ee27661244708,boundary_separation,-1,-0.35721328640384187,0.6208970563226885,2.262185
5fb93ffbd40ee27661244708,boundary_separation,1,-0.35721328640384187,0.6208970563226885,1.88669
5fb93ffbd40ee27661244708,drift_rate,-1,-0.35721328640384187,0.6208970563226885,1.201495
5fb93ffbd40ee27661244708,drift_rate,1,-0.35721328640384187,0.6208970563226885,1.60336
5fb9689421064d7ff5f5243e,boundary_separation,-1,-0.05975686947276167,0.47021348035705235,1.680895
5fb9689421064d7ff5f5243e,boundary_separation,1,-0.05975686947276167,0.47021348035705235,1.545715
5fb9689421064d7ff5f5243e,drift_rate,-1,-0.05975686947276167,0.47021348035705235,1.064325
5fb9689421064d7ff5f5243e,drift_rate,1,-0.05975686947276167,0.47021348035705235,1.153155
5fbd1e2fb3756f06700d2475,boundary_separation,-1,1.6506175278809494,-1.2626476432477638,2.0182700000000002
5fbd1e2fb3756f06700d2475,boundary_separation,1,1.6506175278809494,-1.2626476432477638,1.97449
5fbd1e2fb3756f06700d2475,drift_rate,-1,1.6506175278809494,-1.2626476432477638,1.44275
5fbd1e2fb3756f06700d2475,drift_rate,1,1.6506175278809494,-1.2626476432477638,1.7158250000000002
5fc004cdd7890e102cc48ce6,boundary_separation,-1,0.08897133899277844,-1.4133312192134,1.96488
5fc004cdd7890e102cc48ce6,boundary_separation,1,0.08897133899277844,-1.4133312192134,1.56406
5fc004cdd7890e102cc48ce6,drift_rate,-1,0.08897133899277844,-1.4133312192134,1.149225
5fc004cdd7890e102cc48ce6,drift_rate,1,0.08897133899277844,-1.4133312192134,1.46219
5fc00932d6371d37ee128423,boundary_separation,-1,0.23769954745831853,1.75102387606496,2.31869
5fc00932d6371d37ee128423,boundary_separation,1,0.23769954745831853,1.75102387606496,1.98143
5fc00932d6371d37ee128423,drift_rate,-1,0.23769954745831853,1.75102387606496,0.6264055
5fc00932d6371d37ee128423,drift_rate,1,0.23769954745831853,1.75102387606496,1.5138449999999999
5fc51d23152a5a0008a1956c,boundary_separation,-1,0.1633354432255485,-0.05717903552267429,2.2298549999999997
5fc51d23152a5a0008a1956c,boundary_separation,1,0.1633354432255485,-0.05717903552267429,1.67775
5fc51d23152a5a0008a1956c,drift_rate,-1,0.1633354432255485,-0.05717903552267429,1.37041
5fc51d23152a5a0008a1956c,drift_rate,1,0.1633354432255485,-0.05717903552267429,1.324945
5fc663e511783d0a0e619de1,boundary_separation,-1,0.38642775592385864,0.7715806322883247,2.32787
5fc663e511783d0a0e619de1,boundary_separation,1,0.38642775592385864,0.7715806322883247,2.0844
5fc663e511783d0a0e619de1,drift_rate,-1,0.38642775592385864,0.7715806322883247,0.836703
5fc663e511783d0a0e619de1,drift_rate,1,0.38642775592385864,0.7715806322883247,1.023065
5fce532e51f670000a2a1410,boundary_separation,-1,-0.505941494869382,-0.9612804913164914,1.83149
5fce532e51f670000a2a1410,boundary_separation,1,-0.505941494869382,-0.9612804913164914,1.81312
5fce532e51f670000a2a1410,drift_rate,-1,-0.505941494869382,-0.9612804913164914,1.11382
5fce532e51f670000a2a1410,drift_rate,1,-0.505941494869382,-0.9612804913164914,1.2612100000000002
5fcf286268f4c722183af975,boundary_separation,-1,-0.654669703334922,-1.1119640672821276,1.36003
5fcf286268f4c722183af975,boundary_separation,1,-0.654669703334922,-1.1119640672821276,1.16507
5fcf286268f4c722183af975,drift_rate,-1,-0.654669703334922,-1.1119640672821276,1.320805
5fcf286268f4c722183af975,drift_rate,1,-0.654669703334922,-1.1119640672821276,1.281885
5fd4335c2d643f1a0ed65cb7,boundary_separation,-1,-0.505941494869382,-1.0366222792993094,2.121915
5fd4335c2d643f1a0ed65cb7,boundary_separation,1,-0.505941494869382,-1.0366222792993094,2.4107950000000002
5fd4335c2d643f1a0ed65cb7,drift_rate,-1,-0.505941494869382,-1.0366222792993094,0.7108795
5fd4335c2d643f1a0ed65cb7,drift_rate,1,-0.505941494869382,-1.0366222792993094,0.376156
5fdf9d13a6a9ed7d8efd0b69,boundary_separation,-1,-1.0264902244987724,-1.3379894312305818,2.266855
5fdf9d13a6a9ed7d8efd0b69,boundary_separation,1,-1.0264902244987724,-1.3379894312305818,1.979985
5fdf9d13a6a9ed7d8efd0b69,drift_rate,-1,-1.0264902244987724,-1.3379894312305818,1.30298
5fdf9d13a6a9ed7d8efd0b69,drift_rate,1,-1.0264902244987724,-1.3379894312305818,1.333545
5febbf353cc53cce4cec36e3,boundary_separation,-1,-0.35721328640384187,0.8469224202711428,1.5984500000000001
5febbf353cc53cce4cec36e3,boundary_separation,1,-0.35721328640384187,0.8469224202711428,1.471595
5febbf353cc53cce4cec36e3,drift_rate,-1,-0.35721328640384187,0.8469224202711428,1.32462
5febbf353cc53cce4cec36e3,drift_rate,1,-0.35721328640384187,0.8469224202711428,1.35966
5fecd5fa7e067ae6bd9cc8d2,boundary_separation,-1,-0.43157739063661194,-0.3585461874539467,1.50468
5fecd5fa7e067ae6bd9cc8d2,boundary_separation,1,-0.43157739063661194,-0.3585461874539467,1.594545
5fecd5fa7e067ae6bd9cc8d2,drift_rate,-1,-0.43157739063661194,-0.3585461874539467,1.09571
5fecd5fa7e067ae6bd9cc8d2,drift_rate,1,-0.43157739063661194,-0.3585461874539467,1.31692
5fed01281d6cb4f2fef20220,boundary_separation,-1,0.4607918601566287,0.7715806322883247,2.4557149999999996
5fed01281d6cb4f2fef20220,boundary_separation,1,0.4607918601566287,0.7715806322883247,2.62315
5fed01281d6cb4f2fef20220,drift_rate,-1,0.4607918601566287,0.7715806322883247,0.5362625000000001
5fed01281d6cb4f2fef20220,drift_rate,1,0.4607918601566287,0.7715806322883247,0.531736
5feef07e0ad48b201b5ad5fe,boundary_separation,-1,-1.2495825371970826,-0.7352551273680371,1.72604
5feef07e0ad48b201b5ad5fe,boundary_separation,1,-1.2495825371970826,-0.7352551273680371,2.058275
5feef07e0ad48b201b5ad5fe,drift_rate,-1,-1.2495825371970826,-0.7352551273680371,1.091625
5feef07e0ad48b201b5ad5fe,drift_rate,1,-1.2495825371970826,-0.7352551273680371,1.30377
5ff1e7e39f4b9e67a53f893a,boundary_separation,-1,-0.8777620160332322,0.39487169237423425,1.47091
5ff1e7e39f4b9e67a53f893a,boundary_separation,1,-0.8777620160332322,0.39487169237423425,1.502285
5ff1e7e39f4b9e67a53f893a,drift_rate,-1,-0.8777620160332322,0.39487169237423425,1.42988
5ff1e7e39f4b9e67a53f893a,drift_rate,1,-0.8777620160332322,0.39487169237423425,1.41218
5ff364b2c9707d906a0fc44e,boundary_separation,-1,0.4607918601566287,1.3743149361508695,1.7696399999999999
5ff364b2c9707d906a0fc44e,boundary_separation,1,0.4607918601566287,1.3743149361508695,1.18627
5ff364b2c9707d906a0fc44e,drift_rate,-1,0.4607918601566287,1.3743149361508695,1.136075
5ff364b2c9707d906a0fc44e,drift_rate,1,0.4607918601566287,1.3743149361508695,1.311545
5ff8b291840bed124061d389,boundary_separation,-1,0.1633354432255485,0.7715806322883247,1.25756
5ff8b291840bed124061d389,boundary_separation,1,0.1633354432255485,0.7715806322883247,1.43715
5ff8b291840bed124061d389,drift_rate,-1,0.1633354432255485,0.7715806322883247,1.42421
5ff8b291840bed124061d389,drift_rate,1,0.1633354432255485,0.7715806322883247,1.402455
5ffef0a1255d0c5fd3bdfd6a,boundary_separation,-1,0.1633354432255485,0.31952990439141615,4.652419999999999
5ffef0a1255d0c5fd3bdfd6a,boundary_separation,1,0.1633354432255485,0.31952990439141615,1.6641949999999999
5ffef0a1255d0c5fd3bdfd6a,drift_rate,-1,0.1633354432255485,0.31952990439141615,0.6821079999999999
5ffef0a1255d0c5fd3bdfd6a,drift_rate,1,0.1633354432255485,0.31952990439141615,1.208045
6005a135fff7b6818a99fd87,boundary_separation,-1,0.1633354432255485,-1.5640147951790362,2.6841299999999997
6005a135fff7b6818a99fd87,boundary_separation,1,0.1633354432255485,-1.5640147951790362,2.56474
6005a135fff7b6818a99fd87,drift_rate,-1,0.1633354432255485,-1.5640147951790362,1.46741
6005a135fff7b6818a99fd87,drift_rate,1,0.1633354432255485,-1.5640147951790362,1.3414199999999998
600b0f7fa045ed0f806f01e2,boundary_separation,-1,0.23769954745831853,-0.13252082350549238,1.231805
600b0f7fa045ed0f806f01e2,boundary_separation,1,0.23769954745831853,-0.13252082350549238,1.13021
600b0f7fa045ed0f806f01e2,drift_rate,-1,0.23769954745831853,-0.13252082350549238,1.21961
600b0f7fa045ed0f806f01e2,drift_rate,1,0.23769954745831853,-0.13252082350549238,1.4233099999999999
600be42e32909325b20ab5f0,boundary_separation,-1,0.4607918601566287,-0.659913339385219,1.470065
600be42e32909325b20ab5f0,boundary_separation,1,0.4607918601566287,-0.659913339385219,0.9815855
600be42e32909325b20ab5f0,drift_rate,-1,0.4607918601566287,-0.659913339385219,1.18428
600be42e32909325b20ab5f0,drift_rate,1,0.4607918601566287,-0.659913339385219,1.2395049999999999
600e9f3d9b955475336971bb,boundary_separation,-1,-0.2828491821710718,-1.0366222792993094,1.4358849999999999
600e9f3d9b955475336971bb,boundary_separation,1,-0.2828491821710718,-1.0366222792993094,1.574385
600e9f3d9b955475336971bb,drift_rate,-1,-0.2828491821710718,-1.0366222792993094,1.5338500000000002
600e9f3d9b955475336971bb,drift_rate,1,-0.2828491821710718,-1.0366222792993094,1.706395
600f3bb4c3125f0d2a2f0d36,boundary_separation,-1,-0.05975686947276167,-1.1119640672821276,2.86191
600f3bb4c3125f0d2a2f0d36,boundary_separation,1,-0.05975686947276167,-1.1119640672821276,2.909255
600f3bb4c3125f0d2a2f0d36,drift_rate,-1,-0.05975686947276167,-1.1119640672821276,0.5974435
600f3bb4c3125f0d2a2f0d36,drift_rate,1,-0.05975686947276167,-1.1119640672821276,0.6708594999999999
60105552a0d121342846b31a,boundary_separation,-1,-0.7290338075676921,0.31952990439141615,1.68135
60105552a0d121342846b31a,boundary_separation,1,-0.7290338075676921,0.31952990439141615,2.0802300000000002
60105552a0d121342846b31a,drift_rate,-1,-0.7290338075676921,0.31952990439141615,0.885197
60105552a0d121342846b31a,drift_rate,1,-0.7290338075676921,0.31952990439141615,0.5226265
601228de8f04be234171ca8f,boundary_separation,-1,0.5351559643893987,0.0181627524601438,3.94591
601228de8f04be234171ca8f,boundary_separation,1,0.5351559643893987,0.0181627524601438,4.165285
601228de8f04be234171ca8f,drift_rate,-1,0.5351559643893987,0.0181627524601438,1.08936
601228de8f04be234171ca8f,drift_rate,1,0.5351559643893987,0.0181627524601438,1.709565
601840b15165f20756c64e0f,boundary_separation,-1,-0.654669703334922,-0.2832043994711286,1.9100549999999998
601840b15165f20756c64e0f,boundary_separation,1,-0.654669703334922,-0.2832043994711286,1.830635
601840b15165f20756c64e0f,drift_rate,-1,-0.654669703334922,-0.2832043994711286,1.1771449999999999
601840b15165f20756c64e0f,drift_rate,1,-0.654669703334922,-0.2832043994711286,1.3411849999999998
601c454a1e2f3c720321470b,boundary_separation,-1,0.3120636516910886,-0.7352551273680371,1.301815
601c454a1e2f3c720321470b,boundary_separation,1,0.3120636516910886,-0.7352551273680371,1.265345
601c454a1e2f3c720321470b,drift_rate,-1,0.3120636516910886,-0.7352551273680371,1.33723
601c454a1e2f3c720321470b,drift_rate,1,0.3120636516910886,-0.7352551273680371,1.33043
601c8b5b02683a7e54b93aeb,boundary_separation,-1,-1.1752184329643125,-0.5092297634195828,4.089354999999999
601c8b5b02683a7e54b93aeb,boundary_separation,1,-1.1752184329643125,-0.5092297634195828,2.2287350000000004
601c8b5b02683a7e54b93aeb,drift_rate,-1,-1.1752184329643125,-0.5092297634195828,0.387316
601c8b5b02683a7e54b93aeb,drift_rate,1,-1.1752184329643125,-0.5092297634195828,0.9812875000000001
601e15660cc54b258b587d3d,boundary_separation,-1,-1.0264902244987724,0.8469224202711428,1.6135700000000002
601e15660cc54b258b587d3d,boundary_separation,1,-1.0264902244987724,0.8469224202711428,1.52796
601e15660cc54b258b587d3d,drift_rate,-1,-1.0264902244987724,0.8469224202711428,1.196205
601e15660cc54b258b587d3d,drift_rate,1,-1.0264902244987724,0.8469224202711428,1.3503500000000002
601f04fb235cb14020c7a96f,boundary_separation,-1,0.23769954745831853,1.0729477842195971,2.833605
601f04fb235cb14020c7a96f,boundary_separation,1,0.23769954745831853,1.0729477842195971,1.62165
601f04fb235cb14020c7a96f,drift_rate,-1,0.23769954745831853,1.0729477842195971,0.760926
601f04fb235cb14020c7a96f,drift_rate,1,0.23769954745831853,1.0729477842195971,1.3646
6021d935ae778527962c9fd3,boundary_separation,-1,-0.5803055991021521,-2.166749099041581,1.692355
6021d935ae778527962c9fd3,boundary_separation,1,-0.5803055991021521,-2.166749099041581,1.71056
6021d935ae778527962c9fd3,drift_rate,-1,-0.5803055991021521,-2.166749099041581,1.1017700000000001
6021d935ae778527962c9fd3,drift_rate,1,-0.5803055991021521,-2.166749099041581,1.2760500000000001
6021f6c1f883e82b11739f31,boundary_separation,-1,1.7993457363464895,0.9222642082539608,3.8589
6021f6c1f883e82b11739f31,boundary_separation,1,1.7993457363464895,0.9222642082539608,4.018335
6021f6c1f883e82b11739f31,drift_rate,-1,1.7993457363464895,0.9222642082539608,0.6645829999999999
6021f6c1f883e82b11739f31,drift_rate,1,1.7993457363464895,0.9222642082539608,0.7106330000000001
6023df587f535406af0c7fcb,boundary_separation,-1,-1.0264902244987724,0.31952990439141615,2.32463
6023df587f535406af0c7fcb,boundary_separation,1,-1.0264902244987724,0.31952990439141615,1.80108
6023df587f535406af0c7fcb,drift_rate,-1,-1.0264902244987724,0.31952990439141615,0.592264
6023df587f535406af0c7fcb,drift_rate,1,-1.0264902244987724,0.31952990439141615,1.2459799999999999
6026adf0704fd23a5dc0ee32,boundary_separation,-1,-0.5803055991021521,-1.7900401591274904,2.21697
6026adf0704fd23a5dc0ee32,boundary_separation,1,-0.5803055991021521,-1.7900401591274904,1.57313
6026adf0704fd23a5dc0ee32,drift_rate,-1,-0.5803055991021521,-1.7900401591274904,1.391235
6026adf0704fd23a5dc0ee32,drift_rate,1,-0.5803055991021521,-1.7900401591274904,1.624305
60274b8abca008526ce6433c,boundary_separation,-1,-0.2828491821710718,1.1482895722024151,3.09882
60274b8abca008526ce6433c,boundary_separation,1,-0.2828491821710718,1.1482895722024151,1.58318
60274b8abca008526ce6433c,drift_rate,-1,-0.2828491821710718,1.1482895722024151,1.055885
60274b8abca008526ce6433c,drift_rate,1,-0.2828491821710718,1.1482895722024151,1.237885
602854edbf92e76fc9c56355,boundary_separation,-1,2.69171498713973,-0.05717903552267429,1.86032
602854edbf92e76fc9c56355,boundary_separation,1,2.69171498713973,-0.05717903552267429,1.6509749999999999
602854edbf92e76fc9c56355,drift_rate,-1,2.69171498713973,-0.05717903552267429,1.28457
602854edbf92e76fc9c56355,drift_rate,1,2.69171498713973,-0.05717903552267429,1.2871549999999998
602c790b7597b0571b1e1472,boundary_separation,-1,-0.5803055991021521,0.0181627524601438,1.3572000000000002
602c790b7597b0571b1e1472,boundary_separation,1,-0.5803055991021521,0.0181627524601438,1.463475
602c790b7597b0571b1e1472,drift_rate,-1,-0.5803055991021521,0.0181627524601438,1.27831
602c790b7597b0571b1e1472,drift_rate,1,-0.5803055991021521,0.0181627524601438,1.419435
60307e9acd3854f1656ac658,boundary_separation,-1,-0.13412097370553172,0.47021348035705235,1.7138849999999999
60307e9acd3854f1656ac658,boundary_separation,1,-0.13412097370553172,0.47021348035705235,1.6918799999999998
60307e9acd3854f1656ac658,drift_rate,-1,-0.13412097370553172,0.47021348035705235,1.0854949999999999
60307e9acd3854f1656ac658,drift_rate,1,-0.13412097370553172,0.47021348035705235,1.260475
603401117dd0c2000a1cb8e6,boundary_separation,-1,-0.505941494869382,-0.8105969153508552,1.337265
603401117dd0c2000a1cb8e6,boundary_separation,1,-0.505941494869382,-0.8105969153508552,1.301115
603401117dd0c2000a1cb8e6,drift_rate,-1,-0.505941494869382,-0.8105969153508552,1.15402
603401117dd0c2000a1cb8e6,drift_rate,1,-0.505941494869382,-0.8105969153508552,1.30503
603414a536144802cda025f5,boundary_separation,-1,-0.7290338075676921,-1.0366222792993094,1.78427
603414a536144802cda025f5,boundary_separation,1,-0.7290338075676921,-1.0366222792993094,1.9157199999999999
603414a536144802cda025f5,drift_rate,-1,-0.7290338075676921,-1.0366222792993094,1.146175
603414a536144802cda025f5,drift_rate,1,-0.7290338075676921,-1.0366222792993094,1.296165
60368a98238695837a78529b,boundary_separation,-1,0.1633354432255485,2.052391027996232,1.2701
60368a98238695837a78529b,boundary_separation,1,0.1633354432255485,2.052391027996232,1.9046400000000001
60368a98238695837a78529b,drift_rate,-1,0.1633354432255485,2.052391027996232,1.28714
60368a98238695837a78529b,drift_rate,1,0.1633354432255485,2.052391027996232,1.372855
6037034f07abbf728431e247,boundary_separation,-1,-1.1008543287315424,-0.8859387033336733,1.268555
6037034f07abbf728431e247,boundary_separation,1,-1.1008543287315424,-0.8859387033336733,2.401485
6037034f07abbf728431e247,drift_rate,-1,-1.1008543287315424,-0.8859387033336733,0.7573075
6037034f07abbf728431e247,drift_rate,1,-1.1008543287315424,-0.8859387033336733,0.46548999999999996
603cf23d1967b3b1cc9a2df0,boundary_separation,-1,-0.7290338075676921,-0.05717903552267429,1.798805
603cf23d1967b3b1cc9a2df0,boundary_separation,1,-0.7290338075676921,-0.05717903552267429,1.909325
603cf23d1967b3b1cc9a2df0,drift_rate,-1,-0.7290338075676921,-0.05717903552267429,1.0309949999999999
603cf23d1967b3b1cc9a2df0,drift_rate,1,-0.7290338075676921,-0.05717903552267429,1.2774
603d631cffe72fc0ff456cc2,boundary_separation,-1,-1.3239466414298526,0.39487169237423425,1.5762049999999999
603d631cffe72fc0ff456cc2,boundary_separation,1,-1.3239466414298526,0.39487169237423425,1.576435
603d631cffe72fc0ff456cc2,drift_rate,-1,-1.3239466414298526,0.39487169237423425,1.22657
603d631cffe72fc0ff456cc2,drift_rate,1,-1.3239466414298526,0.39487169237423425,1.32042
6041a2482c6bef1ae8fdd51e,boundary_separation,-1,-0.35721328640384187,0.7715806322883247,1.05415
6041a2482c6bef1ae8fdd51e,boundary_separation,1,-0.35721328640384187,0.7715806322883247,1.327105
6041a2482c6bef1ae8fdd51e,drift_rate,-1,-0.35721328640384187,0.7715806322883247,1.5110299999999999
6041a2482c6bef1ae8fdd51e,drift_rate,1,-0.35721328640384187,0.7715806322883247,1.381215
604243ad9743df09e0f72587,boundary_separation,-1,-1.0264902244987724,1.901707452030596,1.57145
604243ad9743df09e0f72587,boundary_separation,1,-1.0264902244987724,1.901707452030596,1.1932399999999999
604243ad9743df09e0f72587,drift_rate,-1,-1.0264902244987724,1.901707452030596,1.2196950000000002
604243ad9743df09e0f72587,drift_rate,1,-1.0264902244987724,1.901707452030596,1.41799
60439d78a013a237855f2ac8,boundary_separation,-1,-1.3239466414298526,1.977049240013414,2.468275
60439d78a013a237855f2ac8,boundary_separation,1,-1.3239466414298526,1.977049240013414,2.07309
60439d78a013a237855f2ac8,drift_rate,-1,-1.3239466414298526,1.977049240013414,0.8246865000000001
60439d78a013a237855f2ac8,drift_rate,1,-1.3239466414298526,1.977049240013414,1.37871
60441fcec87598475f6a829f,boundary_separation,-1,-0.505941494869382,-1.0366222792993094,2.1847849999999998
60441fcec87598475f6a829f,boundary_separation,1,-0.505941494869382,-1.0366222792993094,1.897365
60441fcec87598475f6a829f,drift_rate,-1,-0.505941494869382,-1.0366222792993094,0.8756025000000001
60441fcec87598475f6a829f,drift_rate,1,-0.505941494869382,-1.0366222792993094,1.33471
6044d8e1c960ed56b4b31fe7,boundary_separation,-1,-0.8777620160332322,0.09350454044296189,3.078375
6044d8e1c960ed56b4b31fe7,boundary_separation,1,-0.8777620160332322,0.09350454044296189,2.67039
6044d8e1c960ed56b4b31fe7,drift_rate,-1,-0.8777620160332322,0.09350454044296189,0.9885765
6044d8e1c960ed56b4b31fe7,drift_rate,1,-0.8777620160332322,0.09350454044296189,1.33285
6047be65ca7cb2053e6aa926,boundary_separation,-1,-1.0264902244987724,-1.4133312192134,2.448555
6047be65ca7cb2053e6aa926,boundary_separation,1,-1.0264902244987724,-1.4133312192134,2.11573
6047be65ca7cb2053e6aa926,drift_rate,-1,-1.0264902244987724,-1.4133312192134,1.15422
6047be65ca7cb2053e6aa926,drift_rate,1,-1.0264902244987724,-1.4133312192134,1.6521849999999998
60480a1f6a283e139e6757b6,boundary_separation,-1,0.1633354432255485,-1.0366222792993094,1.38656
60480a1f6a283e139e6757b6,boundary_separation,1,0.1633354432255485,-1.0366222792993094,1.69189
60480a1f6a283e139e6757b6,drift_rate,-1,0.1633354432255485,-1.0366222792993094,1.28367
60480a1f6a283e139e6757b6,drift_rate,1,0.1633354432255485,-1.0366222792993094,1.2676500000000002
60485c6bfddf0e195cb18b62,boundary_separation,-1,-0.43157739063661194,-1.7900401591274904,2.494745
60485c6bfddf0e195cb18b62,boundary_separation,1,-0.43157739063661194,-1.7900401591274904,1.59413
60485c6bfddf0e195cb18b62,drift_rate,-1,-0.43157739063661194,-1.7900401591274904,0.46813499999999997
60485c6bfddf0e195cb18b62,drift_rate,1,-0.43157739063661194,-1.7900401591274904,1.4287299999999998
60498abf0459d95ae80f42ac,boundary_separation,-1,-0.654669703334922,-1.5640147951790362,1.4708350000000001
60498abf0459d95ae80f42ac,boundary_separation,1,-0.654669703334922,-1.5640147951790362,1.61324
60498abf0459d95ae80f42ac,drift_rate,-1,-0.654669703334922,-1.5640147951790362,1.125795
60498abf0459d95ae80f42ac,drift_rate,1,-0.654669703334922,-1.5640147951790362,1.1502949999999998
604d09c45aedf7f70c3c66bf,boundary_separation,-1,0.6095200686221688,-1.2626476432477638,1.51756
604d09c45aedf7f70c3c66bf,boundary_separation,1,0.6095200686221688,-1.2626476432477638,1.26426
604d09c45aedf7f70c3c66bf,drift_rate,-1,0.6095200686221688,-1.2626476432477638,1.27511
604d09c45aedf7f70c3c66bf,drift_rate,1,0.6095200686221688,-1.2626476432477638,1.46602
604d547ca4ba0b35e56b2594,boundary_separation,-1,-0.5803055991021521,0.09350454044296189,1.527405
604d547ca4ba0b35e56b2594,boundary_separation,1,-0.5803055991021521,0.09350454044296189,1.298485
604d547ca4ba0b35e56b2594,drift_rate,-1,-0.5803055991021521,0.09350454044296189,1.2308949999999999
604d547ca4ba0b35e56b2594,drift_rate,1,-0.5803055991021521,0.09350454044296189,1.4148100000000001
60514fe20a8ea24a26a96e85,boundary_separation,-1,-0.05975686947276167,0.39487169237423425,1.56304
60514fe20a8ea24a26a96e85,boundary_separation,1,-0.05975686947276167,0.39487169237423425,1.295535
60514fe20a8ea24a26a96e85,drift_rate,-1,-0.05975686947276167,0.39487169237423425,1.23401
60514fe20a8ea24a26a96e85,drift_rate,1,-0.05975686947276167,0.39487169237423425,1.426905
60555b56af1bc30f5d438bd2,boundary_separation,-1,-0.13412097370553172,-0.3585461874539467,2.03066
60555b56af1bc30f5d438bd2,boundary_separation,1,-0.13412097370553172,-0.3585461874539467,1.50715
60555b56af1bc30f5d438bd2,drift_rate,-1,-0.13412097370553172,-0.3585461874539467,1.11321
60555b56af1bc30f5d438bd2,drift_rate,1,-0.13412097370553172,-0.3585461874539467,1.45093
6055710aefbed49cbc6c872b,boundary_separation,-1,-0.2828491821710718,-1.7146983711446722,1.264195
6055710aefbed49cbc6c872b,boundary_separation,1,-0.2828491821710718,-1.7146983711446722,1.199645
6055710aefbed49cbc6c872b,drift_rate,-1,-0.2828491821710718,-1.7146983711446722,1.193355
6055710aefbed49cbc6c872b,drift_rate,1,-0.2828491821710718,-1.7146983711446722,1.14509
6057880f8633bbd79c6f10d8,boundary_separation,-1,-0.505941494869382,-0.13252082350549238,1.731535
6057880f8633bbd79c6f10d8,boundary_separation,1,-0.505941494869382,-0.13252082350549238,1.563255
6057880f8633bbd79c6f10d8,drift_rate,-1,-0.505941494869382,-0.13252082350549238,1.3195649999999999
6057880f8633bbd79c6f10d8,drift_rate,1,-0.505941494869382,-0.13252082350549238,1.330395
605796ef0a4b32599655c385,boundary_separation,-1,-0.505941494869382,0.16884632842577998,3.14858
605796ef0a4b32599655c385,boundary_separation,1,-0.505941494869382,0.16884632842577998,1.99512
605796ef0a4b32599655c385,drift_rate,-1,-0.505941494869382,0.16884632842577998,0.44005700000000003
605796ef0a4b32599655c385,drift_rate,1,-0.505941494869382,0.16884632842577998,1.410065
60579ed57a769950e21bcda2,boundary_separation,-1,0.23769954745831853,0.7715806322883247,1.591145
60579ed57a769950e21bcda2,boundary_separation,1,0.23769954745831853,0.7715806322883247,2.495775
60579ed57a769950e21bcda2,drift_rate,-1,0.23769954745831853,0.7715806322883247,1.373375
60579ed57a769950e21bcda2,drift_rate,1,0.23769954745831853,0.7715806322883247,1.262435
midd01,boundary_separation,-1,1.8737098405792596,-0.659913339385219,1.236615
midd01,boundary_separation,1,1.8737098405792596,-0.659913339385219,1.9584350000000001
midd01,drift_rate,-1,1.8737098405792596,-0.659913339385219,1.665945
midd01,drift_rate,1,1.8737098405792596,-0.659913339385219,1.5116999999999998
midd02,boundary_separation,-1,2.2455303617431097,0.47021348035705235,4.6424900000000004
midd02,boundary_separation,1,2.2455303617431097,0.47021348035705235,2.2957799999999997
midd02,drift_rate,-1,2.2455303617431097,0.47021348035705235,1.236805
midd02,drift_rate,1,2.2455303617431097,0.47021348035705235,1.28271
midd03,boundary_separation,-1,3.1378996125363505,-0.5092297634195828,1.89143
midd03,boundary_separation,1,3.1378996125363505,-0.5092297634195828,2.298945
midd03,drift_rate,-1,3.1378996125363505,-0.5092297634195828,1.48212
midd03,drift_rate,1,3.1378996125363505,-0.5092297634195828,1.60045
midd04,boundary_separation,-1,2.31989446597588,-0.3585461874539467,2.4703049999999998
midd04,boundary_separation,1,2.31989446597588,-0.3585461874539467,2.764475
midd04,drift_rate,-1,2.31989446597588,-0.3585461874539467,1.48221
midd04,drift_rate,1,2.31989446597588,-0.3585461874539467,1.5511949999999999
midd05,boundary_separation,-1,2.69171498713973,1.4496567241336875,6.0146
midd05,boundary_separation,1,2.69171498713973,1.4496567241336875,2.4465700000000004
midd05,drift_rate,-1,2.69171498713973,1.4496567241336875,0.7863370000000001
midd05,drift_rate,1,2.69171498713973,1.4496567241336875,1.3377949999999998
midd06,boundary_separation,-1,1.8737098405792596,0.6208970563226885,4.549440000000001
midd06,boundary_separation,1,1.8737098405792596,0.6208970563226885,2.3742
midd06,drift_rate,-1,1.8737098405792596,0.6208970563226885,0.972074
midd06,drift_rate,1,1.8737098405792596,0.6208970563226885,1.215975
midd07,boundary_separation,-1,2.39425857020865,1.4496567241336875,3.6825900000000003
midd07,boundary_separation,1,2.39425857020865,1.4496567241336875,2.41333
midd07,drift_rate,-1,2.39425857020865,1.4496567241336875,1.15034
midd07,drift_rate,1,2.39425857020865,1.4496567241336875,1.58022
midd08,boundary_separation,-1,1.3531611109498691,-0.7352551273680371,1.350875
midd08,boundary_separation,1,1.3531611109498691,-0.7352551273680371,1.4924300000000001
midd08,drift_rate,-1,1.3531611109498691,-0.7352551273680371,1.10686
midd08,drift_rate,1,1.3531611109498691,-0.7352551273680371,1.0603449999999999
midd09,boundary_separation,-1,2.61735088290696,2.1277328159790505,3.217985
midd09,boundary_separation,1,2.61735088290696,2.1277328159790505,3.58218
midd09,drift_rate,-1,2.61735088290696,2.1277328159790505,1.092505
midd09,drift_rate,1,2.61735088290696,2.1277328159790505,0.1698985
midd11,boundary_separation,-1,1.8737098405792596,1.2236313601852333,2.713705
midd11,boundary_separation,1,1.8737098405792596,1.2236313601852333,1.8999700000000002
midd11,drift_rate,-1,1.8737098405792596,1.2236313601852333,1.3645100000000001
midd11,drift_rate,1,1.8737098405792596,1.2236313601852333,1.27251
midd12,boundary_separation,-1,2.31989446597588,0.6962388443055066,4.878595000000001
midd12,boundary_separation,1,2.31989446597588,0.6962388443055066,2.085395
midd12,drift_rate,-1,2.31989446597588,0.6962388443055066,0.9556370000000001
midd12,drift_rate,1,2.31989446597588,0.6962388443055066,1.55047
midd13,boundary_separation,-1,1.055704694018789,1.2236313601852333,5.2081800000000005
midd13,boundary_separation,1,1.055704694018789,1.2236313601852333,1.616775
midd13,drift_rate,-1,1.055704694018789,1.2236313601852333,0.857079
midd13,drift_rate,1,1.055704694018789,1.2236313601852333,1.523195
midd14,boundary_separation,-1,2.1711662575103396,-0.3585461874539467,4.997120000000001
midd14,boundary_separation,1,2.1711662575103396,-0.3585461874539467,2.230635
midd14,drift_rate,-1,2.1711662575103396,-0.3585461874539467,1.158595
midd14,drift_rate,1,2.1711662575103396,-0.3585461874539467,1.38045
midd15,boundary_separation,-1,3.0635355083035805,0.16884632842577998,3.9835149999999997
midd15,boundary_separation,1,3.0635355083035805,0.16884632842577998,2.7118700000000002
midd15,drift_rate,-1,3.0635355083035805,0.16884632842577998,1.03757
midd15,drift_rate,1,3.0635355083035805,0.16884632842577998,1.264545
midd17,boundary_separation,-1,1.4275252151826392,2.2784163919446865,3.1900399999999998
midd17,boundary_separation,1,1.4275252151826392,2.2784163919446865,2.25638
midd17,drift_rate,-1,1.4275252151826392,2.2784163919446865,1.1880199999999999
midd17,drift_rate,1,1.4275252151826392,2.2784163919446865,1.3485200000000002
midd19,boundary_separation,-1,1.5762534236481793,0.31952990439141615,1.824305
midd19,boundary_separation,1,1.5762534236481793,0.31952990439141615,1.842085
midd19,drift_rate,-1,1.5762534236481793,0.31952990439141615,1.13083
midd19,drift_rate,1,1.5762534236481793,0.31952990439141615,1.183965
midd22,boundary_separation,-1,3.4353560294674303,-0.05717903552267429,3.292825
midd22,boundary_separation,1,3.4353560294674303,-0.05717903552267429,3.2912299999999997
midd22,drift_rate,-1,3.4353560294674303,-0.05717903552267429,1.32189
midd22,drift_rate,1,3.4353560294674303,-0.05717903552267429,1.6102500000000002
midd24,boundary_separation,-1,1.5762534236481793,0.5455552683398704,6.88376
midd24,boundary_separation,1,1.5762534236481793,0.5455552683398704,3.37672
midd24,drift_rate,-1,1.5762534236481793,0.5455552683398704,0.4122805
midd24,drift_rate,1,1.5762534236481793,0.5455552683398704,1.83936
midd25,boundary_separation,-1,3.0635355083035805,0.09350454044296189,3.56912
midd25,boundary_separation,1,3.0635355083035805,0.09350454044296189,2.4102750000000004
midd25,drift_rate,-1,3.0635355083035805,0.09350454044296189,1.24061
midd25,drift_rate,1,3.0635355083035805,0.09350454044296189,1.4891299999999998
midd26,boundary_separation,-1,1.9480739448120297,-0.3585461874539467,1.513545
midd26,boundary_separation,1,1.9480739448120297,-0.3585461874539467,3.94283
midd26,drift_rate,-1,1.9480739448120297,-0.3585461874539467,1.90835
midd26,drift_rate,1,1.9480739448120297,-0.3585461874539467,1.341645
midd27,boundary_separation,-1,1.5018893194154093,0.47021348035705235,2.9122250000000003
midd27,boundary_separation,1,1.5018893194154093,0.47021348035705235,2.4425350000000003
midd27,drift_rate,-1,1.5018893194154093,0.47021348035705235,1.22083
midd27,drift_rate,1,1.5018893194154093,0.47021348035705235,1.121115
midd28,boundary_separation,-1,3.8071765506312807,1.6003403000993237,4.06156
midd28,boundary_separation,1,3.8071765506312807,1.6003403000993237,2.5061
midd28,drift_rate,-1,3.8071765506312807,1.6003403000993237,1.523595
midd28,drift_rate,1,3.8071765506312807,1.6003403000993237,1.38387
midd29,boundary_separation,-1,2.2455303617431097,-0.20786261148831048,2.68144
midd29,boundary_separation,1,2.2455303617431097,-0.20786261148831048,2.3232749999999998
midd29,drift_rate,-1,2.2455303617431097,-0.20786261148831048,1.148435
midd29,drift_rate,1,2.2455303617431097,-0.20786261148831048,1.1678250000000001
midd30,boundary_separation,-1,1.3531611109498691,0.0181627524601438,2.5059899999999997
midd30,boundary_separation,1,1.3531611109498691,0.0181627524601438,1.695855
midd30,drift_rate,-1,1.3531611109498691,0.0181627524601438,1.4115250000000001
midd30,drift_rate,1,1.3531611109498691,0.0181627524601438,1.36173
