time,f1,b1,f2,b2,f3,b3,f1p,f2p,f3p,f0,intensity,harmonicity
0.025734,552.0,36.8,1091.0,184.5,2712.1,522.6,642.8,1390.4,2415.1,0,80.5,4
0.027734,563.8,48.4,1103.1,238.3,2680.0,364.3,642.7,1390.8,2415.4,0,81.3,4.6
0.029734,583.8,60.6,1124.5,324.8,2662.3,268.2,642.6,1391.4,2415.9,0,81.9,4.1
0.031734,602.4,62.9,1149.3,401.3,2649.5,224.5,642.5,1392.3,2416.5,0,82.4,3.1
0.033734,616.6,60.2,1178.9,448.7,2637.3,197.2,642.3,1393.4,2417.4,0,82.8,2
0.035734,628.8,58.9,1210.9,459.1,2625.3,175.6,642.1,1394.8,2418.4,235.2,83.1,1.5
0.037734,639.8,62.2,1235.0,440.7,2612.6,163.6,641.8,1396.4,2419.6,235.5,83.3,1.7
0.039734,650.8,69.7,1257.9,429.0,2595.7,164.1,641.5,1398.2,2421,235.8,83.4,2.5
0.041734,661.3,76.7,1289.5,442.7,2575.8,173.2,641.2,1400.3,2422.5,236.1,83.4,3.6
0.043734,671.8,79.2,1334.1,462.0,2556.1,177.9,640.8,1402.6,2424.3,236.5,83.5,5.1
0.045734,682.5,76.8,1387.5,463.3,2541.4,172.3,640.4,1405.2,2426.2,236.9,83.7,6.6
0.047734,691.8,72.6,1438.6,446.6,2534.6,163.5,639.9,1408,2428.3,237.3,83.9,8.2
0.049734,700.1,68.7,1487.7,424.9,2534.0,158.7,639.4,1411,2430.6,237.7,84.1,10.1
0.051734,706.3,65.7,1531.2,407.0,2538.3,159.7,638.9,1414.3,2433.1,238.1,84.3,12.2
0.053734,711.0,62.8,1571.8,388.8,2546.0,162.7,638.3,1417.8,2435.7,238.6,84.5,14.3
0.055734,714.6,59.4,1609.4,364.3,2556.5,164.2,637.7,1421.5,2438.5,239.1,84.8,16
0.057734,716.9,55.9,1638.2,336.9,2567.4,162.5,637,1425.5,2441.5,239.5,85,17.1
0.059734,718.2,52.6,1659.8,310.1,2578.2,158.5,636.3,1429.6,2444.7,240,85.1,17.8
0.061734,718.9,50.0,1674.5,290.2,2588.0,154.9,635.6,1434,2448,240.6,85.1,18.1
0.063734,719.8,48.5,1685.5,275.7,2597.5,153.3,634.9,1438.6,2451.4,241.1,85.1,18.3
0.065734,721.4,47.9,1693.8,262.3,2607.8,154.3,634.1,1443.4,2455.1,241.6,85,18.3
0.067734,722.7,48.1,1699.4,247.6,2619.4,157.5,633.2,1448.4,2458.8,242.2,84.9,18.2
0.069734,722.9,48.7,1704.8,229.5,2635.7,161.8,632.4,1453.6,2462.8,242.7,84.6,17.9
0.071734,721.7,49.8,1711.9,210.7,2657.4,163.9,631.5,1458.9,2466.9,243.3,84.4,17.4
0.073734,719.8,51.9,1721.5,191.5,2683.1,159.6,630.6,1464.5,2471.1,243.8,84.1,16.8
0.075734,717.8,55.0,1731.8,173.2,2707.6,150.1,629.6,1470.3,2475.5,244.4,83.8,16.3
0.077734,715.7,58.1,1739.8,160.7,2725.1,146.2,628.6,1476.2,2480,245,83.6,16
0.079734,713.0,61.7,1747.4,155.1,2738.6,153.7,627.6,1482.4,2484.7,245.6,83.3,15.8
0.081734,709.4,66.1,1755.9,156.4,2751.5,174.3,626.6,1488.7,2489.5,246.2,83.1,15.6
0.083734,704.5,72.2,1765.3,163.2,2770.7,211.2,625.5,1495.1,2494.4,246.8,82.8,15.4
0.085734,698.5,81.1,1775.5,173.6,2807.7,268.3,624.4,1501.7,2499.5,247.4,82.6,15.4
0.087734,693.0,92.0,1784.6,181.0,2866.1,324.3,623.3,1508.5,2504.7,248,82.3,15.5
0.089734,688.1,103.6,1790.7,182.7,2528.8,6678.8,622.2,1515.4,2510,248.6,82,15.7
0.091734,682.6,111.5,1791.2,183.2,2256.2,6059.4,621,1522.5,2515.4,249.3,81.8,16
0.093734,675.7,114.8,1787.3,186.1,2142.8,5518.8,619.8,1529.7,2520.9,249.9,81.7,16.4
0.095734,668.2,115.1,1780.2,191.1,1991.4,5372.3,618.6,1537,2526.6,250.5,81.7,16.7
0.097734,661.8,114.8,1718.0,5575.4,1771.3,198.2,617.4,1544.4,2532.3,251.2,81.7,16.9
0.099734,656.2,115.2,1297.6,5826.7,1760.1,208.6,616.1,1552,2538.1,251.9,81.8,17.1
0.101734,650.6,116.2,973.9,5734.7,1747.5,220.6,614.9,1559.7,2544.1,252.6,81.7,17.3
0.103734,642.7,118.4,938.5,5336.5,1733.3,231.0,613.6,1567.5,2550.1,253.3,81.6,17.5
0.105734,631.1,122.1,1058.4,4846.1,1717.7,235.2,612.3,1575.3,2556.2,254,81.5,17.4
0.107734,616.6,126.9,1193.1,4416.0,1704.0,232.5,611,1583.3,2562.4,254.7,81.1,17.2
0.109734,598.6,131.9,1332.0,4113.5,1693.2,228.4,609.7,1591.4,2568.7,255.4,80.7,16.7
0.111734,578.6,134.1,1508.3,4039.6,1685.8,227.7,608.3,1599.5,2575,256.2,80.3,16
0.113734,555.9,131.8,1680.0,231.5,1796.2,4133.9,607,1607.7,2581.4,257,79.7,15.2
0.115734,531.0,126.3,1677.4,236.9,2166.4,4413.2,605.6,1616,2587.9,257.8,79.2,14.5
0.117734,507.9,123.8,1682.9,238.3,2312.3,5255.9,604.2,1624.3,2594.5,258.6,78.7,13.7
0.119734,486.0,128.5,1695.3,236.1,2782.2,610.4,602.8,1632.7,2601,259.5,78.4,12.6
0.121734,467.6,139.4,1703.4,237.4,2823.0,477.1,601.5,1641.1,2607.7,260.3,78.1,11.4
0.123734,451.8,153.3,1704.6,255.6,2853.1,399.1,600.1,1649.5,2614.4,261.2,78,10.6
0.125734,440.3,170.1,1715.0,296.8,2868.1,392.8,598.7,1658,2621.1,262.1,78,10.3
0.127734,437.8,192.3,1748.1,333.3,2872.8,430.5,597.3,1666.5,2627.9,263,78.1,11.1
0.129734,445.8,220.2,1787.2,338.8,2869.3,468.1,595.9,1675,2634.6,263.9,78.2,13
0.131734,461.3,242.0,1802.3,327.9,2854.9,483.8,594.5,1683.6,2641.4,264.8,78.4,15.7
0.133734,477.1,249.6,1792.6,318.8,2832.6,484.9,593,1692.1,2648.3,265.8,78.6,18.4
0.135734,487.7,246.3,1772.5,307.0,2805.9,480.5,591.6,1700.6,2655.1,266.7,78.9,20.6
0.137734,492.9,239.6,1758.7,294.6,2781.3,477.4,590.2,1709.1,2662,267.7,79.1,21.8
0.139734,492.2,231.2,1753.3,287.5,2765.3,476.4,588.8,1717.6,2668.8,268.7,79.3,22.3
0.141734,484.5,220.5,1753.8,286.7,2765.6,476.2,587.4,1726,2675.7,269.7,79.4,22.3
0.143734,472.1,207.0,1758.3,288.1,2776.1,474.2,586.1,1734.4,2682.6,270.8,79.5,22.1
0.145734,459.8,194.3,1766.2,289.4,2783.4,473.3,584.7,1742.8,2689.4,271.8,79.5,22
0.147734,453.4,189.9,1775.2,291.4,2777.4,482.9,583.3,1751.1,2696.2,272.9,79.5,22.3
0.149734,454.4,195.0,1783.1,293.4,2754.0,505.1,581.9,1759.4,2703,274,79.4,22.7
0.151734,459.8,202.9,1787.8,294.7,2718.7,530.2,580.6,1767.6,2709.8,275.1,79.4,23.3
0.153734,464.3,206.2,1790.0,295.7,2680.5,553.1,579.2,1775.7,2716.6,276.2,79.3,23.8
0.155734,465.2,204.0,1789.0,293.3,2650.9,569.9,577.9,1783.7,2723.3,277.4,79.1,24.1
0.157734,465.5,201.3,1783.2,278.8,2646.5,568.3,576.6,1791.7,2730,278.6,79,24.2
0.159734,470.9,201.7,1773.2,247.6,2678.4,536.3,575.3,1799.6,2736.6,279.8,78.8,24.1
0.161734,481.3,202.5,1766.9,214.9,2738.2,481.1,574,1807.3,2743.2,281,78.6,23.9
0.163734,492.7,201.1,1770.6,192.8,2803.2,417.2,572.7,1815,2749.7,282.3,78.3,23.5
0.165734,504.4,198.1,1786.4,183.6,2857.1,358.0,571.5,1822.5,2756.2,283.6,78,23.1
0.167734,517.7,195.4,1809.4,185.5,2891.0,317.9,570.2,1830,2762.6,285,77.6,22.6
0.169734,535.3,192.0,1834.7,193.9,2908.8,297.4,569,1837.3,2769,286.3,77.2,22
0.171734,553.8,186.1,1855.4,202.4,2911.6,295.6,567.8,1844.5,2775.2,287.7,76.8,21.3
0.173734,570.3,178.4,1871.6,208.2,2905.3,302.7,566.6,1851.5,2781.4,289.1,76.4,20.7
0.175734,583.0,172.7,1883.7,212.1,2894.0,313.9,565.5,1858.4,2787.6,290.6,76,20.1
0.177734,591.0,172.0,1889.1,214.3,2877.2,330.3,564.4,1865.1,2793.6,292,75.8,19.7
0.179734,594.1,178.1,1887.0,216.9,2846.6,359.0,563.3,1871.7,2799.5,293.4,75.7,19.7
0.181734,588.4,193.2,1880.7,225.0,2803.4,404.5,562.2,1878.2,2805.4,294.9,75.7,19.8
0.183734,569.6,219.5,1877.1,243.1,2764.1,479.4,561.1,1884.4,2811.1,296.3,75.9,19.8
0.185734,535.9,249.1,1882.1,266.3,2765.9,611.5,560.1,1890.5,2816.8,297.7,76.2,19.5
0.187734,507.2,256.3,1887.7,275.9,2830.8,780.1,559.1,1896.5,2822.3,299.1,76.5,18.8
0.189734,506.3,246.2,1878.9,262.0,2948.2,896.3,558.1,1902.2,2827.8,300.5,76.9,17.5
0.191734,530.6,227.1,1858.9,230.8,3066.0,852.9,557.2,1907.8,2833.1,301.8,77.2,15.9
0.193734,563.5,190.6,1840.1,197.8,3137.0,691.4,556.2,1913.1,2838.3,303.1,77.6,14.4
0.195734,591.7,142.6,1826.9,176.0,3149.5,521.5,555.4,1918.3,2843.4,304.4,78,13.2
0.197734,608.8,102.5,1816.6,168.4,3131.7,414.7,554.5,1923.3,2848.3,305.6,78.5,12.5
0.199734,618.4,71.9,1804.3,169.7,3107.1,365.9,553.7,1928,2853.2,306.8,79.1,12.2
0.201734,623.6,50.9,1790.6,174.1,3083.5,369.0,552.9,1932.6,2857.9,307.9,79.8,12.2
0.203734,627.4,36.1,1776.3,176.7,3055.9,408.8,552.1,1936.9,2862.5,308.9,80.4,12.5
0.205734,630.9,26.3,1763.1,174.5,3016.9,465.7,551.4,1941.1,2866.9,309.8,80.9,13
0.207734,633.7,20.8,1755.5,169.5,2976.5,512.2,550.7,1945,2871.2,310.7,81.4,13.8
0.209734,635.8,18.0,1755.0,165.4,2949.0,548.1,550,1948.7,2875.4,311.5,81.8,15.2
0.211734,637.1,17.2,1761.5,163.6,2946.8,564.8,549.4,1952.1,2879.4,312.3,82.2,16.9
0.213734,637.8,18.0,1772.8,163.1,2961.1,544.8,548.8,1955.4,2883.2,312.9,82.4,18.7
0.215734,638.1,20.0,1786.6,162.3,2972.3,486.9,548.2,1958.4,2886.9,313.5,82.6,20.2
0.217734,638.2,22.7,1799.5,160.6,2968.6,425.2,547.7,1961.1,2890.5,314,82.8,21.3
0.219734,638.3,25.7,1811.1,159.7,2950.9,377.1,547.2,1963.7,2893.9,314.5,82.9,22.1
0.221734,638.3,28.5,1819.5,160.9,2922.9,348.2,546.8,1966,2897.2,314.8,83.1,22.8
0.223734,638.1,31.3,1823.5,163.1,2888.1,326.6,546.3,1968,2900.3,315.1,83.1,23.3
0.225734,637.6,33.7,1821.0,164.3,2856.0,299.4,545.9,1969.8,2903.2,315.3,83.2,23.7
0.227734,636.6,35.0,1812.9,165.0,2841.2,265.6,545.6,1971.4,2906,315.5,83.3,24
0.229734,635.1,34.5,1801.2,169.2,2843.7,229.2,545.3,1972.7,2908.6,315.6,83.3,24.3
0.231734,633.7,32.3,1789.4,178.9,2852.8,199.6,545,1973.8,2911,315.6,83.4,24.5
0.233734,633.0,28.9,1779.2,191.9,2859.6,177.4,544.8,1974.6,2913.3,315.6,83.4,24.5
0.235734,632.8,25.6,1773.6,204.4,2863.6,161.3,544.6,1975.2,2915.4,315.6,83.4,24.2
0.237734,632.5,23.5,1775.2,214.5,2868.1,150.8,544.4,1975.6,2917.4,315.5,83.4,23.6
0.239734,631.2,22.7,1783.4,224.4,2876.1,143.2,544.2,1975.6,2919.1,315.3,83.3,22.5
0.241734,628.7,23.1,1794.0,234.7,2886.7,136.7,544.1,1975.5,2920.7,315.1,83,21
0.243734,625.0,24.5,1804.2,247.0,2755.9,4296.4,544.1,1975.1,2922.2,314.9,82.7,19.6
0.245734,619.5,27.7,1813.7,264.6,2494.8,4019.3,544.1,1974.4,2923.4,314.6,82.2,18.3
0.247734,612.0,33.4,1824.4,287.7,2258.1,3960.0,544.1,1973.5,2924.5,314.4,81.6,17.4
0.249734,601.5,44.1,1841.6,313.4,2005.6,4290.2,544.1,1972.3,2925.4,314.1,80.9,16.7
0.251734,587.7,61.0,1578.0,5360.6,1864.2,330.3,544.2,1970.9,2926.2,313.8,80.1,16.1
0.253734,569.2,83.9,1886.1,335.6,2881.8,112.3,544.3,1969.3,2926.7,313.4,79.2,15.8
0.255734,544.0,108.7,1900.9,332.4,2872.1,118.4,544.4,1967.4,2927.1,313.1,78.4,15.7
0.257734,516.4,124.7,1905.1,326.2,2860.5,117.4,544.6,1965.2,2927.4,312.7,77.7,16
0.259734,492.4,130.7,1902.6,319.3,2842.8,110.0,544.8,1962.8,2927.4,312.4,77.1,16.7
0.261734,481.0,133.0,1899.1,313.0,2823.2,100.8,545.1,1960.2,2927.3,312,76.7,17.8
0.263734,480.8,135.7,1897.0,308.7,2807.5,93.1,545.3,1957.3,2927,311.6,76.2,19
0.265734,487.8,137.7,1896.7,307.2,2798.9,88.1,545.6,1954.2,2926.5,311.2,75.9,20
0.267734,498.0,138.3,1898.1,308.1,2796.8,85.4,546,1950.9,2925.9,310.8,75.5,20.6
0.269734,510.3,138.6,1900.7,310.3,2797.8,84.0,546.3,1947.3,2925.1,310.4,75,21
0.271734,520.7,138.6,1903.3,311.9,2800.7,84.5,546.7,1943.5,2924.1,309.9,74.6,21.3
0.273734,526.9,138.0,1905.0,314.0,2806.0,87.4,547.2,1939.5,2923,309.4,74.1,21.5
0.275734,528.5,137.6,1905.3,317.9,2813.1,92.8,547.6,1935.3,2921.7,308.8,73.5,21.7
0.277734,527.2,137.9,1905.2,322.0,2819.6,98.5,548.1,1930.8,2920.2,308.2,72.9,22.1
0.279734,523.4,138.7,1906.2,325.4,2825.7,103.0,548.6,1926.1,2918.6,307.6,72.3,22.5
0.281734,517.0,139.2,1908.5,330.5,2830.4,105.6,549.1,1921.2,2916.8,306.8,71.7,22.9
0.283734,509.3,139.1,1911.6,338.5,2832.1,105.8,549.7,1916.1,2914.8,306,71.1,23.4
0.285734,501.3,139.2,1914.3,346.2,2829.1,103.2,550.3,1910.8,2912.7,305.1,70.6,23.8
0.287734,493.9,139.6,1914.8,348.3,2823.2,99.5,550.9,1905.3,2910.5,304,70,25.2
0.289734,486.7,140.6,1911.7,340.7,2816.8,95.0,551.5,1899.6,2908.1,302.8,69.5,31.8
0.291734,482.0,142.7,1906.6,324.2,2812.0,89.7,552.2,1893.7,2905.5,301.4,69,39.2
0.293734,481.1,146.1,1901.5,305.2,2808.4,84.0,552.9,1887.6,2902.8,299.8,68.5,42.1
0.295734,485.2,150.1,1897.9,289.2,2805.4,79.7,553.6,1881.4,2899.9,298.1,68,34.9
0.297734,492.3,152.6,1896.8,280.3,2804.4,78.4,554.3,1874.9,2896.9,296.1,67.4,10.6
0.299734,500.0,152.4,1897.8,279.8,2806.8,80.8,555,1868.3,2893.8,293.9,66.9,-39
0.301734,506.0,150.1,1899.5,290.3,2812.2,86.6,555.8,1861.5,2890.5,291.4,66.4,-100.3
0.303734,508.5,145.8,1899.0,313.3,2820.5,96.6,556.6,1854.6,2887.1,288.7,65.9,-157.4
0.305734,505.4,139.4,1890.8,348.8,2833.3,112.4,557.4,1847.5,2883.6,285.6,65.7,-194.2
0.307734,500.0,132.7,1869.9,380.6,2847.6,130.1,558.2,1840.3,2879.9,282.3,65.6,-195.5
0.309734,499.5,127.7,1838.9,393.7,2860.3,144.3,559,1832.9,2876.1,278.7,66,-161.5
0.311734,507.3,122.5,1813.5,388.0,2871.2,151.8,559.8,1825.3,2872.2,274.8,66.7,-107.2
0.313734,519.0,114.9,1802.1,368.9,2883.0,149.5,560.7,1817.7,2868.1,270.6,67.6,-48.4
0.315734,530.5,105.8,1805.3,346.5,2894.3,136.1,561.5,1809.9,2864,266.1,68.6,-0.7
0.317734,538.0,97.1,1815.9,335.2,2900.8,124.4,562.4,1802,2859.7,261.4,69.6,23.1
0.319734,542.0,89.0,1826.0,329.7,2903.6,120.9,563.2,1793.9,2855.3,256.4,70.6,31
0.321734,543.4,82.8,1829.6,314.3,2903.8,121.3,564.1,1785.8,2850.8,251.1,71.3,29.7
0.323734,543.3,78.5,1827.0,286.5,2900.8,120.0,565,1777.6,2846.2,245.7,72,24
0.325734,540.6,75.1,1819.0,263.3,2893.4,118.4,565.9,1769.2,2841.5,240.1,72.6,18.7
0.327734,535.2,71.8,1806.5,258.2,2882.9,119.7,566.8,1760.8,2836.8,234.3,73.1,17.5
0.329734,528.0,68.6,1790.1,264.0,2871.5,124.1,567.7,1752.3,2831.9,228.5,73.5,16.5
0.331734,521.7,67.2,1777.3,272.8,2863.6,130.4,568.6,1743.7,2826.9,222.6,73.9,15.1
0.333734,517.0,68.5,1775.6,287.1,2862.5,137.8,569.5,1735,2821.9,216.7,74.2,13.6
0.335734,514.2,73.1,1789.8,314.6,2870.6,146.3,570.4,1726.3,2816.8,210.8,74.5,12.2
0.337734,513.3,81.1,1818.2,358.4,2885.0,158.8,571.3,1717.5,2811.6,205,74.8,11.1
0.339734,513.8,92.2,1856.1,429.5,2901.5,185.5,572.2,1708.7,2806.3,199.3,75.1,10.2
0.341734,513.0,103.5,1887.4,540.0,2922.3,231.6,573.1,1699.8,2801,193.7,75.4,9.4
0.343734,512.7,114.9,1905.6,693.2,2960.7,284.5,574,1690.9,2795.6,188.3,75.7,8.6
0.345734,523.5,125.4,1911.9,813.6,3016.6,313.5,574.9,1681.9,2790.1,183.1,76.1,8
0.347734,545.5,126.8,1914.3,800.7,3064.3,302.2,575.8,1672.9,2784.6,178.1,76.6,7.4
0.349734,571.4,115.1,1909.0,719.9,3084.4,274.9,576.7,1663.9,2779,173.4,77.2,6.8
0.351734,595.6,97.3,1888.5,661.0,3063.4,258.3,577.5,1654.9,2773.4,168.9,77.7,6.3
0.353734,616.7,79.3,1847.3,612.0,3002.3,234.4,578.4,1645.9,2767.8,164.7,78.3,5.9
0.355734,632.4,65.0,1802.5,521.9,2934.8,183.4,579.2,1636.9,2762.1,160.8,78.7,6
0.357734,641.4,56.9,1781.2,426.8,2895.5,144.9,580.1,1628,2756.4,157.1,79.1,6.7
0.359734,646.4,54.0,1776.4,352.2,2871.1,131.5,580.9,1619,2750.6,153.7,79.4,8.1
0.361734,649.1,54.0,1775.1,301.4,2850.1,136.5,581.7,1610,2744.9,150.6,79.5,10
0.363734,651.0,54.0,1771.5,264.8,2827.8,147.8,582.5,1601.1,2739.1,147.7,79.6,11.8
0.365734,653.2,53.1,1766.4,237.3,2808.7,158.9,583.3,1592.2,2733.3,145.1,79.6,13.2
0.367734,656.4,52.5,1759.3,218.3,2798.7,173.6,584.1,1583.4,2727.4,142.7,79.6,13.6
0.369734,660.3,52.0,1746.8,204.1,2795.9,201.9,584.8,1574.6,2721.6,140.4,79.6,13.3
0.371734,662.7,50.7,1732.0,195.4,2797.1,236.1,585.5,1565.9,2715.8,138.4,79.5,12.6
0.373734,663.2,48.4,1718.6,198.0,2796.9,249.8,586.2,1557.2,2710,136.5,79.5,11.6
0.375734,662.9,45.7,1706.6,222.9,2790.8,227.3,586.9,1548.6,2704.1,134.8,79.6,10.8
0.377734,663.2,43.6,1696.2,268.7,2783.9,197.3,587.6,1540,2698.3,133.2,79.8,10.4
0.379734,662.9,42.6,1684.2,321.5,2781.0,180.0,588.2,1531.6,2692.5,131.7,80,10
0.381734,661.0,42.4,1666.8,351.6,2782.3,176.8,588.9,1523.2,2686.7,130.3,80.3,9.8
0.383734,657.7,42.1,1644.4,340.9,2787.1,182.1,589.5,1515,2681,129,80.6,9.6
0.385734,655.0,40.3,1627.8,294.7,2794.9,191.1,590,1506.8,2675.3,127.8,80.9,9.5
0.387734,653.7,37.6,1622.2,251.5,2801.1,196.6,590.6,1498.7,2669.5,126.7,81.2,9.4
0.389734,652.2,35.9,1621.3,228.3,2801.4,199.8,591.1,1490.8,2663.9,125.6,81.4,9.5
0.391734,650.7,36.5,1622.1,229.1,2793.0,203.2,591.6,1482.9,2658.3,124.5,81.6,9.6
0.393734,651.2,38.0,1622.3,242.7,2776.0,198.2,592.1,1475.2,2652.7,123.5,81.7,9.8
0.395734,653.8,38.6,1620.1,251.7,2757.6,177.4,592.5,1467.6,2647.1,122.5,81.7,9.9
0.397734,654.5,38.6,1616.3,255.4,2745.8,155.4,592.9,1460.2,2641.6,121.5,81.6,9.9
0.399734,649.7,40.1,1613.6,269.1,2739.9,145.8,593.3,1452.9,2636.2,120.5,81.5,9.8
0.401734,639.8,41.7,1614.1,291.7,2738.7,152.8,593.7,1445.7,2630.8,119.6,81.4,9.8
0.403734,629.8,41.1,1611.0,302.8,2739.9,166.0,594,1438.7,2625.5,118.7,81.3,9.6
0.405734,621.5,38.7,1592.1,292.7,2741.2,171.7,594.3,1431.8,2620.3,117.8,81.2,9.3
0.407734,613.1,36.2,1562.8,273.8,2740.2,166.6,594.5,1425.1,2615.1,116.9,81.3,8.7
0.409734,604.3,33.2,1541.1,260.5,2734.2,157.1,594.8,1418.5,2610,116,81.3,7.8
0.411734,599.4,31.1,1539.1,266.9,2724.3,152.0,595,1412.1,2604.9,115.2,81.5,6.6
0.413734,596.7,31.2,1548.7,297.1,2711.7,157.3,595.1,1405.9,2600,114.4,81.5,5.6
0.415734,592.5,35.0,1559.6,356.2,2694.9,175.1,595.3,1399.9,2595.1,113.6,81.6,4.8
0.417734,586.2,42.1,1561.2,433.5,2673.1,194.9,595.4,1394,2590.3,112.8,81.6,4.5
0.419734,579.6,47.7,1545.1,502.4,2648.0,199.4,595.5,1388.3,2585.6,112,81.5,4.7
0.421734,575.5,46.5,1514.5,521.0,2629.5,187.6,595.5,1382.9,2581,111.3,81.5,5.2
0.423734,570.9,41.5,1478.9,487.6,2618.7,177.4,595.5,1377.5,2576.5,110.5,81.3,5.8
0.425734,563.4,38.8,1448.3,433.9,2612.3,185.7,595.5,1372.4,2572,109.9,81.2,6.4
0.427734,553.8,41.1,1422.9,410.2,2604.4,226.3,595.4,1367.5,2567.7,109.2,80.9,6.8
0.429734,545.2,46.3,1387.6,421.6,2581.7,299.6,595.3,1362.8,2563.5,108.6,80.6,7
0.431734,541.3,50.4,1341.3,439.9,2539.3,343.6,595.1,1358.3,2559.4,107.9,80.2,7.2
0.433734,539.7,53.1,1294.3,449.8,2505.4,314.6,595,1354,2555.4,107.4,79.7,7.4
0.435734,535.4,57.4,1257.8,458.3,2497.2,265.5,594.8,1349.9,2551.5,106.8,79.3,7.9
0.437734,528.1,63.0,1243.0,459.6,2503.3,243.2,594.5,1346,2547.7,106.3,79,8.8
0.439734,523.4,66.6,1243.5,452.2,2516.4,241.6,594.3,1342.3,2544,105.8,78.7,10.2
0.441734,524.4,66.9,1243.8,448.3,2529.2,245.0,593.9,1338.8,2540.5,105.4,78.4,11.9
0.443734,528.3,65.8,1235.1,454.5,2532.5,243.3,593.6,1335.5,2537,105,78.3,13.5
0.445734,532.2,67.1,1221.0,475.1,2525.1,238.3,593.2,1332.5,2533.7,104.6,78.2,14.7
0.447734,536.6,70.5,1219.8,505.8,2519.1,239.5,592.8,1329.7,2530.5,104.2,78.2,15.4
0.449734,543.7,71.8,1248.0,534.4,2524.3,246.8,592.4,1327.1,2527.5,103.9,78.2,15.4
0.451734,550.8,70.7,1287.5,534.7,2536.3,256.5,591.9,1324.7,2524.5,103.7,78.3,15.2
0.453734,556.0,71.6,1304.6,519.5,2543.6,275.8,591.4,1322.5,2521.7,103.5,78.4,14.8
0.455734,562.0,77.9,1291.2,526.9,2538.8,308.6,590.8,1320.6,2519,103.3,78.5,14.5
0.457734,571.0,85.0,1263.1,561.9,2523.5,344.0,590.2,1318.9,2516.5,103.2,78.6,14.7
0.459734,580.9,86.9,1242.8,591.2,2507.9,361.6,589.6,1317.4,2514.1,103.2,78.8,15.1
0.461734,586.2,85.1,1248.5,573.2,2506.0,344.0,589,1316.1,2511.8,103.3,78.9,15.7
0.463734,586.2,86.4,1266.7,517.1,2511.3,309.3,588.3,1315,2509.6,103.4,79,16.2
0.465734,585.3,92.0,1275.5,474.8,2513.2,292.9,587.6,1314.2,2507.6,103.6,79.1,16.4
0.467734,588.7,94.5,1265.6,473.9,2509.9,317.3,586.9,1313.6,2505.7,104,79.2,16.2
0.469734,593.9,90.2,1235.7,482.3,2496.7,388.2,586.1,1313.2,2503.9,104.4,79.4,15.7
0.471734,595.7,83.8,1204.8,451.8,2466.2,475.1,585.3,1313.1,2502.3,105,79.5,14.9
0.473734,593.3,78.8,1195.0,390.6,2433.5,513.8,584.5,1313.1,2500.9,105.7,79.6,13.9
0.475734,589.9,73.5,1200.8,338.9,2436.1,457.2,583.6,1313.4,2499.5,106.6,79.8,12.8
0.477734,591.2,66.3,1211.5,326.5,2478.2,350.5,582.8,1313.9,2498.3,107.6,80,11.5
0.479734,596.0,60.0,1229.7,342.2,2524.5,252.1,581.8,1314.6,2497.2,108.8,80.3,9.6
0.481734,599.5,57.0,1255.3,347.2,2549.0,192.2,580.9,1315.5,2496.3,110.2,80.5,7.5
0.483734,600.5,57.9,1279.5,330.1,2558.5,159.4,580,1316.6,2495.5,111.7,80.7,5.6
0.485734,600.3,59.5,1288.7,314.2,2559.9,145.1,579,1318,2494.9,113.5,81,4.4
0.487734,601.2,56.4,1278.4,318.0,2556.3,145.9,578,1319.5,2494.4,115.4,81.3,4.5
0.489734,603.3,51.2,1256.5,336.1,2546.3,152.8,576.9,1321.3,2494,117.5,81.6,5.7
0.491734,604.6,48.3,1244.5,339.6,2530.8,145.3,575.9,1323.3,2493.7,119.8,81.8,7.8
0.493734,603.5,47.4,1253.5,311.0,2519.2,120.6,574.8,1325.5,2493.6,122.2,82.1,9.9
0.495734,599.4,47.1,1272.2,267.1,2515.9,98.5,573.7,1327.8,2493.7,124.9,82.2,11.8
0.497734,594.5,44.8,1285.9,235.2,2516.5,89.7,572.6,1330.4,2493.8,127.6,82.4,12.7
0.499734,592.1,41.2,1293.5,220.6,2516.4,94.0,571.5,1333.2,2494.1,130.5,82.5,12.9
0.501734,592.6,39.4,1296.2,218.7,2513.0,111.9,570.3,1336.1,2494.6,133.4,82.7,12.8
0.503734,594.1,40.3,1296.3,218.7,2506.3,142.1,569.1,1339.3,2495.1,136.5,82.7,12.7
0.505734,595.7,43.0,1294.3,215.1,2497.8,175.4,567.9,1342.6,2495.8,139.6,82.8,12.8
0.507734,597.2,45.0,1289.5,207.8,2489.0,193.5,566.7,1346.1,2496.6,142.7,82.7,13.6
0.509734,598.1,44.7,1281.7,198.3,2477.5,198.1,565.5,1349.8,2497.6,145.8,82.7,14.9
0.511734,597.9,42.8,1273.9,190.2,2463.8,201.7,564.3,1353.6,2498.7,148.9,82.6,16.4
0.513734,596.3,41.2,1267.5,184.1,2448.6,211.0,563.1,1357.7,2499.9,152,82.5,18
0.515734,592.9,40.5,1263.1,179.9,2435.3,223.9,561.8,1361.9,2501.2,155,82.4,19.3
0.517734,588.6,40.3,1262.0,178.7,2430.8,232.5,560.5,1366.2,2502.7,157.8,82.2,20
0.519734,583.4,39.8,1263.6,181.3,2437.0,230.2,559.3,1370.7,2504.2,160.6,82.1,20.3
0.521734,578.5,38.8,1266.3,185.8,2448.5,217.5,558,1375.4,2505.9,163.3,81.9,20.3
0.523734,574.1,37.5,1269.1,187.7,2459.8,201.9,556.7,1380.2,2507.8,165.8,81.8,20.2
0.525734,570.6,36.2,1271.8,185.1,2469.7,188.3,555.4,1385.2,2509.7,168.1,81.6,20.1
0.527734,568.1,35.2,1273.3,182.1,2476.0,176.0,554.1,1390.3,2511.7,170.3,81.4,20.2
0.529734,566.2,34.5,1272.1,184.3,2477.5,159.5,552.8,1395.5,2513.9,172.4,81.1,20.3
0.531734,564.8,34.2,1267.9,193.5,2474.6,140.8,551.5,1400.9,2516.1,174.3,80.8,20.4
0.533734,563.0,34.0,1260.7,204.7,2469.1,123.9,550.2,1406.4,2518.5,176,80.5,20.5
0.535734,560.5,33.2,1251.0,209.5,2462.0,110.5,548.9,1412,2521,177.6,80.1,20.6
0.537734,557.8,32.1,1243.0,205.6,2455.4,101.5,547.6,1417.7,2523.5,179,79.7,20.6
0.539734,555.1,31.5,1238.4,199.6,2449.7,96.7,546.3,1423.6,2526.2,180.3,79.3,20.6
0.541734,553.1,32.0,1236.5,198.7,2444.8,97.6,545,1429.5,2529,181.5,78.9,20.5
0.543734,551.5,33.5,1235.9,204.0,2439.5,102.5,543.7,1435.6,2531.9,182.5,78.5,20.4
0.545734,550.5,35.9,1237.3,214.2,2434.5,107.4,542.4,1441.8,2534.8,183.5,78.2,20.3
0.547734,550.3,38.4,1242.3,224.3,2431.2,107.7,541.1,1448,2537.9,184.4,77.9,20.3
0.549734,551.0,40.3,1251.7,226.4,2428.6,104.1,539.9,1454.3,2541,185.1,77.6,20.4
0.551734,552.3,40.8,1262.3,215.4,2425.3,101.2,538.6,1460.8,2544.2,185.9,77.4,20.6
0.553734,553.5,40.3,1271.6,196.6,2420.1,101.3,537.3,1467.2,2547.5,186.5,77.2,20.6
0.555734,553.9,39.0,1279.1,177.2,2412.7,103.9,536.1,1473.8,2550.9,187.1,77.1,20.5
0.557734,553.5,37.7,1285.9,161.8,2405.6,107.2,534.8,1480.4,2554.4,187.7,77.1,20.1
0.559734,553.4,36.8,1294.1,149.5,2403.0,110.1,533.6,1487.1,2557.9,188.2,77.2,19.4
0.561734,554.6,36.5,1303.7,141.5,2407.1,112.5,532.4,1493.9,2561.5,188.6,77.3,18.5
0.563734,556.6,36.3,1315.4,138.5,2412.9,115.9,531.2,1500.7,2565.2,189.1,77.5,17.6
0.565734,558.6,35.7,1331.5,143.1,2414.9,122.8,530,1507.5,2568.9,189.5,77.8,16.8
0.567734,560.2,34.6,1352.8,155.0,2413.2,135.1,528.9,1514.4,2572.7,189.9,78.1,16.4
0.569734,562.1,32.5,1380.7,168.9,2413.1,154.5,527.7,1521.3,2576.6,190.3,78.5,16
0.571734,564.6,29.7,1408.2,173.1,2419.5,176.5,526.6,1528.2,2580.5,190.6,78.8,15.7
0.573734,567.4,26.8,1432.1,166.0,2431.5,195.2,525.5,1535.2,2584.5,191,79.2,15.7
0.575734,569.6,24.3,1454.9,154.9,2444.0,205.0,524.4,1542.2,2588.5,191.3,79.5,15.8
0.577734,570.6,22.5,1477.4,146.7,2451.6,204.6,523.4,1549.1,2592.6,191.6,79.9,16.3
0.579734,571.2,21.0,1500.4,140.5,2455.7,199.4,522.3,1556.1,2596.7,191.8,80.2,17.3
0.581734,572.1,19.9,1519.4,135.9,2458.7,195.3,521.3,1563.1,2600.8,192,80.6,18.6
0.583734,573.4,18.9,1535.2,132.1,2462.7,194.1,520.3,1570.1,2605,192.2,80.9,19.9
0.585734,575.1,18.1,1550.7,127.4,2468.8,194.4,519.4,1577.1,2609.2,192.3,81.2,20.9
0.587734,576.6,17.5,1565.4,119.8,2476.2,194.3,518.4,1584.1,2613.5,192.4,81.4,21.4
0.589734,577.8,16.9,1577.5,108.5,2482.9,192.3,517.5,1591.1,2617.8,192.4,81.6,21.6
0.591734,578.5,16.4,1584.1,97.7,2487.0,188.4,516.6,1598,2622.1,192.3,81.8,21.5
0.593734,578.8,16.0,1587.6,90.2,2487.5,183.7,515.8,1604.9,2626.4,192.2,81.9,21.3
0.595734,579.0,15.7,1592.0,87.7,2482.3,178.7,515,1611.8,2630.8,192,82,21
0.597734,579.1,15.5,1599.8,90.6,2471.5,174.6,514.2,1618.6,2635.2,191.7,82,20.7
0.599734,579.3,15.4,1611.3,98.3,2458.2,172.5,513.4,1625.4,2639.5,191.2,82,20.4
0.601734,579.3,15.2,1623.9,109.2,2447.7,175.4,512.7,1632.2,2643.9,190.7,81.8,20.1
0.603734,578.9,15.2,1637.7,125.8,2442.2,187.2,512,1638.9,2648.3,190,81.6,19.5
0.605734,577.9,16.1,1659.0,154.0,2449.5,212.2,511.3,1645.5,2652.7,189.2,81.2,18.7
0.607734,576.1,18.7,1698.9,188.3,2489.9,240.2,510.7,1652.1,2657.2,188.3,80.7,17.4
0.609734,573.0,23.6,1762.6,197.3,2574.0,225.5,510.1,1658.7,2661.6,187.2,80,15.4
0.611734,567.0,30.8,1809.3,173.0,2638.5,170.1,509.5,1665.1,2666,185.9,79.2,13.1
0.613734,555.1,42.7,1825.1,150.1,2664.6,134.5,509,1671.5,2670.4,184.4,78.2,10.9
0.615734,532.7,62.4,1821.9,135.4,2669.9,123.4,508.5,1677.8,2674.7,182.8,77.2,9.1
0.617734,498.5,86.2,1813.3,123.4,2665.5,123.2,508.1,1684,2679.1,181,76.2,8.1
0.619734,456.6,101.3,1805.8,111.4,2656.8,121.1,507.7,1690.2,2683.5,179,75.4,7.7
0.621734,432.3,94.9,1801.8,108.2,2651.3,115.8,507.3,1696.2,2687.8,176.8,74.8,7.7
0.623734,429.1,82.3,1800.2,115.6,2652.8,113.7,506.9,1702.2,2692.2,174.5,74.5,8
0.625734,433.9,74.6,1801.7,122.4,2658.2,114.3,506.6,1708.1,2696.5,172,74.3,8.1
0.627734,438.8,72.2,1806.3,122.8,2661.3,116.3,506.4,1713.9,2700.7,169.3,74.2,8
0.629734,443.2,73.6,1814.4,123.9,2659.8,124.6,506.1,1719.5,2705,166.5,74.1,7.7
0.631734,447.4,78.0,1825.2,130.3,2653.1,150.6,506,1725.1,2709.2,163.6,74.1,7.4
0.633734,449.0,82.4,1836.8,146.2,2640.8,218.6,505.8,1730.6,2713.4,160.6,74,7.2
0.635734,444.3,85.2,1848.6,176.0,2623.1,353.7,505.7,1735.9,2717.5,157.5,74,6.9
0.637734,431.0,90.0,1860.5,214.2,2602.3,501.9,505.6,1741.2,2721.6,154.3,73.9,6.7
0.639734,403.0,98.2,1872.4,268.8,2569.9,605.7,505.6,1746.3,2725.7,0,73.9,6.4
0.641734,362.2,97.0,1874.9,348.8,2517.5,613.7,505.6,1751.3,2729.7,148,73.9,6.2
0.643734,327.8,77.1,1853.7,440.9,2472.7,514.1,505.7,1756.2,2733.7,144.8,73.9,6
0.645734,313.8,58.1,1826.3,514.1,2466.6,425.9,505.7,1761,2737.7,141.7,73.7,6
0.647734,313.0,51.8,1822.4,564.9,2480.6,434.8,505.9,1765.6,2741.5,138.7,73.5,7.2
0.649734,315.9,55.6,1854.7,588.1,2524.6,572.7,506,1770.2,2745.4,135.8,73,13.4
0.651734,317.6,69.7,1903.7,547.1,2648.2,759.8,506.3,1774.6,2749.2,133,72.4,20.6
0.653734,316.9,93.6,1927.6,524.0,2773.3,780.5,506.5,1778.8,2752.9,130.4,71.7,23.7
0.655734,314.0,122.8,1930.3,583.3,2804.1,753.6,506.8,1783,2756.6,127.9,70.9,17.4
0.657734,308.0,147.0,1905.5,685.3,2785.8,745.8,507.1,1787,2760.2,125.6,70.3,-4.2
0.659734,296.9,161.1,1862.3,770.1,2766.5,746.4,507.5,1790.9,2763.8,123.4,69.8,-44.6
0.661734,285.6,162.6,1855.0,829.3,2759.2,791.8,507.9,1794.6,2767.3,121.4,69.5,-95.3
0.663734,279.7,166.2,1938.7,913.8,2750.0,972.1,508.3,1798.2,2770.7,119.7,69.4,-145.9
0.665734,280.3,187.9,2132.1,810.2,2817.2,1535.2,508.8,1801.7,2774.1,118.1,69.3,-186.6
0.667734,288.1,223.4,2187.1,588.1,3212.5,1832.8,509.3,1805,2777.4,116.7,69.3,-208.5
0.669734,302.7,251.2,2184.6,526.2,3384.5,1406.0,509.9,1808.2,2780.6,115.4,69.2,-215.4
0.671734,309.7,247.5,2164.1,575.8,3362.5,1109.3,510.5,1811.2,2783.8,114.4,69.1,-213.1
0.673734,300.9,223.4,2123.4,707.3,3332.9,904.8,511.1,1814.2,2786.9,113.5,68.9,-206.6
0.675734,281.4,181.9,2057.6,937.2,3319.7,763.5,511.7,1816.9,2789.9,112.7,68.7,-200.9
0.677734,263.0,130.5,1757.8,4753.6,1929.1,1357.3,512.4,1819.6,2792.9,112.1,68.3,-200
0.679734,250.6,83.6,1585.8,1221.2,3013.1,2075.3,513.2,1822.1,2795.8,111.6,67.9,-200
0.681734,245.2,57.4,1554.1,943.4,2926.3,772.1,514,1824.4,2798.6,111.3,67.4,-200
0.683734,244.6,51.7,1538.6,828.8,2858.6,556.5,514.8,1826.7,2801.4,111,66.8,-200
0.685734,248.7,67.8,1494.7,823.1,2832.8,506.4,515.6,1828.7,2804,110.8,65.9,-200
0.687734,259.0,107.1,1486.0,888.6,2842.0,599.3,516.5,1830.7,2806.6,110.7,64.8,-200
0.689734,280.4,171.4,1601.3,1005.3,2920.0,861.8,517.4,1832.5,2809.1,110.7,63.5,-200
0.691734,315.2,223.6,1775.0,888.0,3098.1,1024.6,518.3,1834.2,2811.6,110.7,62,-200
0.693734,357.8,226.3,1794.9,680.1,3202.4,1068.3,519.3,1835.7,2813.9,110.8,60.2,-200
0.695734,397.9,209.4,1753.0,527.2,3231.8,2243.8,520.3,1837.1,2816.2,0,58.3,-200
0.697734,422.8,208.2,1722.2,438.5,3024.1,1555.6,521.3,1838.4,2818.4,0,56.5,-200
0.699734,425.7,223.7,1706.1,407.4,3022.1,1377.7,522.4,1839.5,2820.5,0,55.2,-200
0.701734,405.2,238.9,1696.2,415.7,3022.4,1226.9,523.4,1840.5,2822.6,0,54.6,-200
0.703734,369.5,239.9,1675.2,437.0,2973.1,1049.5,524.5,1841.4,2824.5,0,54.8,-200
0.705734,331.8,226.6,1620.9,428.5,2913.5,844.2,525.7,1842.2,2826.4,0,55.3,-200
0.707734,309.7,205.7,1551.7,354.3,2877.1,693.4,526.8,1842.8,2828.2,0,55.9,-200
0.709734,304.0,186.3,1505.1,271.8,2843.0,638.6,528,1843.3,2830,0,56.4,-200
0.711734,308.6,181.3,1485.4,235.6,2796.8,651.5,529.2,1843.7,2831.6,0,56.7,-200
0.713734,317.2,190.6,1479.0,238.7,2749.0,688.0,530.5,1844,2833.2,0,56.7,-200
0.715734,327.1,216.9,1487.0,286.5,2726.9,778.8,531.7,1844.1,2834.7,0,56.5,-200
0.717734,336.4,259.9,1522.3,391.8,2749.7,994.0,533,1844.1,2836.1,0,56.3,-200
0.719734,344.7,314.4,1617.0,552.1,2867.7,1472.3,534.3,1844,2837.4,0,56,-200
0.721734,345.4,356.4,1748.4,631.0,3467.2,2294.4,535.6,1843.9,2838.7,0,55.7,-200
0.723734,329.1,392.8,1819.9,617.2,3491.1,815.4,537,1843.5,2839.8,0,55.6,-200
0.725734,295.3,434.8,1828.0,598.0,3448.2,684.1,538.3,1843.1,2840.9,0,55.4,-200
0.727734,259.4,468.5,1814.5,582.0,3458.5,668.3,539.7,1842.6,2841.9,0,55.2,-200
0.729734,217.3,542.5,1810.2,596.0,3423.3,2799.8,541.1,1842,2842.9,0,54.8,-200
0.731734,1801.9,661.1,3247.9,2096.4,3517.5,1043.7,542.5,1841.3,2843.8,0,54.4,-200
0.733734,1774.5,622.5,3087.7,1106.1,3801.1,2113.6,543.9,1840.5,2844.5,0,54.1,-200
0.735734,1790.6,482.9,2996.3,865.8,4459.8,3798.0,545.3,1839.6,2845.3,0,54.1,-200
0.737734,1821.0,404.5,2584.9,3680.9,2968.1,886.0,546.8,1838.6,2845.9,0,54.6,-200.9
0.739734,1836.9,373.4,2554.9,2101.4,2975.6,1132.2,548.2,1837.5,2846.5,0,55.6,-206.4
0.741734,1834.0,367.3,2404.7,1316.3,3100.2,1355.0,549.7,1836.3,2847,0,56.9,-212.6
0.743734,1825.0,368.6,2332.5,1040.2,3129.2,1525.7,551.2,1835.1,2847.4,0,58.3,-214.8
0.745734,1820.8,366.5,2319.1,910.7,3099.1,1903.7,552.6,1833.8,2847.7,0,59.9,-208.2
0.747734,1824.3,356.8,2327.0,824.8,3087.3,2457.9,554.1,1832.4,2848,0,61.6,-187.1
0.749734,1850.1,336.7,2371.7,792.5,3104.4,4713.9,555.6,1830.9,2848.2,0,63.4,-147.9
0.751734,1886.8,274.6,2439.5,711.9,4111.5,1065.6,557.1,1829.3,2848.4,0,65.1,-99.1
0.753734,328.5,588.7,1909.8,219.6,2456.5,653.9,558.6,1827.7,2848.5,0,66.8,-50.2
0.755734,361.0,288.7,1923.2,199.5,2432.6,663.3,560.1,1826.1,2848.5,0,68.3,-11
0.757734,367.8,178.7,1916.5,204.9,2390.5,673.7,561.6,1824.3,2848.4,122.5,69.7,10.2
0.759734,376.9,122.8,1887.9,214.6,2367.2,669.9,563.1,1822.6,2848.3,123.7,70.8,17
0.761734,385.3,89.2,1851.8,209.4,2394.4,676.3,564.6,1820.7,2848.2,125.1,71.9,15
0.763734,389.4,67.1,1817.3,196.0,2469.4,669.0,566.1,1818.8,2847.9,126.7,72.8,9
0.765734,387.1,53.1,1785.6,189.7,2564.4,603.4,567.6,1816.9,2847.6,128.4,73.6,3.9
0.767734,378.6,45.7,1758.4,196.3,2641.9,504.0,569.1,1814.9,2847.3,130.3,74.4,3.4
0.769734,368.9,40.8,1733.6,205.1,2706.6,405.3,570.6,1812.9,2846.9,132.4,75.1,4.1
0.771734,367.2,36.0,1714.8,195.9,2751.1,332.6,572.1,1810.9,2846.4,134.7,75.8,4.9
0.773734,372.8,30.6,1698.9,176.9,2769.5,287.9,573.6,1808.8,2845.9,137.1,76.3,5.6
0.775734,381.0,26.2,1683.7,164.4,2763.8,260.4,575.1,1806.7,2845.3,139.7,76.8,6.2
0.777734,388.4,25.2,1670.8,167.9,2742.1,243.4,576.5,1804.5,2844.7,142.4,77.1,6.7
0.779734,395.6,27.1,1659.1,187.7,2711.6,227.2,578,1802.4,2844.1,145.3,77.4,7.1
0.781734,401.5,28.8,1649.5,212.2,2686.7,202.3,579.4,1800.2,2843.3,148.3,77.6,7.4
0.783734,406.1,28.6,1644.1,241.3,2677.5,177.3,580.9,1798,2842.6,151.5,77.8,7.5
0.785734,411.7,28.2,1655.1,297.6,2688.4,171.4,582.3,1795.8,2841.8,154.7,78.1,7.4
0.787734,422.6,30.3,1704.4,360.4,2721.0,186.3,583.7,1793.5,2840.9,157.9,78.5,6.9
0.789734,440.3,34.2,1761.3,326.7,2766.8,184.3,585.1,1791.3,2840,0,79,5.8
0.791734,463.0,40.0,1768.8,263.6,2792.6,168.9,586.5,1789.1,2839.1,164.5,79.6,4.4
0.793734,493.7,47.7,1753.8,235.4,2798.8,167.6,587.8,1786.8,2838.1,167.8,80.2,3.1
0.795734,533.3,50.9,1730.4,221.7,2790.1,183.8,589.2,1784.6,2837.1,171,80.8,2.2
0.797734,569.5,44.5,1705.2,201.9,2767.6,211.9,590.5,1782.4,2836.1,174.1,81.4,1.9
0.799734,597.0,33.9,1683.0,170.2,2729.8,234.6,591.9,1780.1,2835,177.2,82,2
0.801734,613.1,26.0,1669.9,138.7,2692.6,224.4,593.2,1777.9,2833.9,180.1,82.5,2.4
0.803734,622.4,21.4,1664.2,112.6,2671.7,191.3,594.4,1775.7,2832.7,182.9,82.9,3.2
0.805734,628.6,19.5,1664.7,92.1,2667.7,160.0,595.7,1773.5,2831.5,185.5,83.1,4.1
0.807734,633.1,20.1,1668.5,78.8,2672.6,144.3,597,1771.4,2830.3,188,83.3,5.1
0.809734,636.3,22.7,1672.0,71.6,2679.3,140.6,598.2,1769.2,2829.1,190.3,83.3,6.5
0.811734,638.1,26.7,1673.8,70.5,2683.0,142.3,599.4,1767.1,2827.8,192.5,83.2,8.1
0.813734,638.9,31.8,1675.1,74.3,2682.3,142.9,600.6,1765,2826.6,194.4,83,9.8
0.815734,639.0,38.2,1677.5,81.6,2678.2,142.2,601.7,1763,2825.2,196.2,82.7,11.3
0.817734,639.3,45.0,1681.0,89.8,2674.0,145.0,602.9,1760.9,2823.9,197.8,82.2,12.7
0.819734,639.8,52.6,1684.9,96.8,2671.7,153.7,604,1758.9,2822.6,199.3,81.8,14
0.821734,640.0,60.2,1687.5,101.0,2671.7,165.3,605.1,1757,2821.2,200.6,81.3,15.2
0.823734,639.0,66.8,1687.3,102.2,2671.8,175.0,606.1,1755.1,2819.8,201.7,80.9,16.3
0.825734,637.0,70.4,1683.7,100.2,2670.0,179.2,607.2,1753.2,2818.4,202.8,80.6,17.3
0.827734,634.4,69.5,1678.1,95.7,2666.8,177.1,608.2,1751.3,2817,203.6,80.3,18.1
0.829734,631.7,65.4,1673.0,90.6,2664.7,170.0,609.2,1749.5,2815.6,204.4,80.1,18.8
0.831734,629.7,61.2,1671.0,87.9,2666.0,160.4,610.1,1747.8,2814.2,205.1,80,19.4
0.833734,628.6,58.5,1672.0,88.6,2670.6,149.6,611.1,1746.1,2812.7,205.7,79.9,19.9
0.835734,627.4,57.3,1674.6,92.9,2676.5,138.6,612,1744.4,2811.2,206.3,79.8,20.1
0.837734,625.7,56.6,1676.3,99.4,2681.9,129.8,612.9,1742.8,2809.8,206.7,79.8,20
0.839734,623.7,54.6,1675.8,106.7,2688.4,122.4,613.7,1741.3,2808.3,207.2,79.8,19.3
0.841734,623.0,50.4,1672.3,112.3,2698.0,115.8,614.5,1739.8,2806.8,207.5,79.8,18.4
0.843734,623.9,44.5,1665.8,114.9,2710.1,108.7,615.3,1738.3,2805.4,207.9,80,17.5
0.845734,625.2,38.0,1657.9,114.6,2722.4,101.3,616.1,1736.9,2803.9,208.2,80.1,16.9
0.847734,625.9,32.4,1652.2,114.6,2731.7,96.0,616.9,1735.6,2802.4,208.5,80.3,16.8
0.849734,625.6,28.1,1650.3,118.7,2738.8,94.0,617.6,1734.3,2800.9,208.8,80.4,17.4
0.851734,624.9,25.5,1652.2,129.3,2743.7,96.3,618.3,1733.1,2799.4,209.1,80.5,18.2
0.853734,623.8,24.4,1657.0,147.7,2747.0,104.5,618.9,1732,2798,209.4,80.5,18.9
0.855734,622.5,24.5,1663.9,175.5,2749.4,124.1,619.6,1730.9,2796.5,209.7,80.4,19.3
0.857734,621.0,25.5,1671.7,208.8,2752.6,157.2,620.2,1729.8,2795,210,80.2,18.8
0.859734,619.4,27.0,1678.0,241.3,2755.0,200.2,620.8,1728.9,2793.5,210.4,79.9,17.8
0.861734,617.7,28.5,1673.8,260.2,2749.2,235.7,621.3,1728,2792.1,210.7,79.5,16.3
0.863734,615.4,30.4,1655.5,259.5,2734.2,256.9,621.8,1727.1,2790.6,211,78.9,14.6
0.865734,611.7,34.1,1634.0,238.4,2720.7,271.5,622.3,1726.3,2789.2,211.4,78.2,13
0.867734,606.1,40.2,1625.5,208.5,2721.5,291.4,622.8,1725.6,2787.7,211.8,77.4,12.5
0.869734,598.4,48.8,1629.9,175.1,2742.3,317.7,623.2,1725,2786.3,212.2,76.5,16.5
0.871734,589.2,58.7,1639.7,144.9,2779.8,333.1,623.6,1724.4,2784.9,212.6,75.5,21.2
0.873734,576.9,71.9,1649.6,122.0,2819.2,326.6,624,1723.9,2783.5,213.1,74.3,22
0.875734,557.9,91.7,1657.0,112.7,2834.9,306.9,624.4,1723.4,2782.1,213.5,73,14.1
0.877734,535.2,112.5,1659.1,124.6,2810.4,296.3,624.7,1723,2780.7,214,71.6,-8.1
0.879734,523.2,126.1,1654.5,169.5,2761.3,299.3,625,1722.7,2779.3,214.5,70.2,-48.1
0.881734,533.8,131.5,1645.4,261.5,2727.2,320.5,625.3,1722.4,2778,215,69,-97.7
0.883734,552.8,135.8,1637.6,421.5,2724.1,382.1,625.5,1722.2,2776.6,215.5,67.8,-147.2
0.885734,563.6,149.9,1644.4,652.5,2754.6,515.6,625.8,1722,2775.3,216,67,-186.9
0.887734,561.0,176.9,1687.8,810.3,2824.4,696.4,626,1722,2774,216.5,66.4,-208.3
0.889734,547.7,214.3,1735.0,749.4,2935.2,793.5,626.2,1721.9,2772.7,217,66,-215.1
0.891734,525.7,255.5,1735.7,614.3,2990.3,710.3,626.3,1722,2771.4,217.6,65.7,-212.8
0.893734,490.6,296.9,1716.0,527.4,2976.8,580.2,626.4,1722.1,2770.2,218.1,65.4,-206.5
0.895734,436.3,320.2,1684.5,513.2,2940.8,497.5,626.5,1722.2,2768.9,218.6,65.1,-200.9
0.897734,382.6,304.0,1631.5,565.8,2906.2,492.8,626.6,1722.4,2767.7,219.1,64.6,-200
0.899734,347.0,290.5,1555.5,617.2,2866.5,536.3,626.7,1722.7,2766.5,219.6,63.9,-200
0.901734,326.1,318.3,1525.0,636.2,2827.8,566.9,626.7,1723,2765.3,220,63.2,-200
0.903734,308.0,372.9,1551.2,654.7,2798.3,558.7,626.7,1723.4,2764.1,220.5,62.3,-200
0.905734,294.0,397.9,1589.5,622.2,2769.1,498.5,626.7,1723.8,2763,220.9,61.4,-200
0.907734,294.3,369.0,1597.4,555.3,2743.5,408.2,626.7,1724.3,2761.9,221.3,60.5,-200
0.909734,304.3,327.7,1570.5,503.3,2728.1,325.2,626.7,1724.8,2760.8,221.7,59.7,-200
0.911734,315.7,298.9,1513.6,470.6,2720.7,273.1,626.6,1725.4,2759.7,0,59.1,-200
0.913734,324.6,276.8,1440.6,436.6,2714.0,239.3,626.5,1726,2758.6,0,58.6,-200
0.915734,327.8,258.9,1369.8,407.3,2703.7,212.6,626.4,1726.7,2757.6,0,58.2,-200
0.917734,325.0,247.0,1320.7,399.3,2690.0,197.4,626.3,1727.4,2756.5,0,58,-200
0.919734,320.5,234.8,1301.2,409.2,2676.5,208.8,626.2,1728.1,2755.5,0,57.8,-200
0.921734,321.1,221.1,1318.5,416.2,2673.6,269.0,626,1728.9,2754.6,0,57.7,-200
0.923734,331.3,217.7,1354.0,410.3,2700.1,398.5,625.9,1729.7,2753.6,0,57.4,-200
0.925734,354.5,231.2,1385.6,404.3,2784.6,551.4,625.7,1730.6,2752.7,0,56.9,-200
0.927734,387.3,244.1,1403.0,405.0,2875.2,548.6,625.5,1731.5,2751.7,0,56.3,-200
0.929734,427.3,237.9,1409.0,413.1,2883.2,457.1,625.3,1732.4,2750.8,0,55.5,-200
0.931734,464.0,217.0,1411.8,436.3,2843.8,400.7,625.1,1733.4,2750,0,54.5,-200
0.933734,488.7,201.1,1415.6,492.4,2799.8,389.0,624.9,1734.4,2749.1,0,53.5,-200
0.935734,498.4,204.2,1414.4,605.7,2767.7,439.9,624.6,1735.4,2748.3,0,52.6,-200
0.937734,508.3,221.1,1425.1,810.4,2753.5,579.4,624.4,1736.5,2747.5,0,52,-200
0.939734,540.8,228.1,1638.9,1441.4,2589.8,1083.0,624.1,1737.5,2746.7,0,51.7,-200
0.941734,570.6,193.3,1776.1,2975.3,2162.0,476.9,623.8,1738.6,2745.9,0,51.8,-200
0.943734,585.7,161.3,1839.9,1781.0,2151.6,274.0,623.5,1739.7,2745.2,0,52.1,-200
0.945734,602.5,146.8,1812.0,1074.5,2164.6,206.9,623.3,1740.9,2744.4,0,52.6,-200
0.947734,618.6,137.9,1798.0,810.5,2173.2,169.1,623,1742,2743.7,0,53,-200
0.949734,629.6,129.0,1800.4,694.0,2177.1,148.7,622.7,1743.1,2743,0,53.3,-200
0.951734,631.6,125.1,1804.6,651.2,2178.6,139.5,622.4,1744.3,2742.4,0,53.4,-200
0.953734,624.4,132.9,1810.5,651.3,2178.9,142.7,622.1,1745.5,2741.7,0,53.4,-200
0.955734,610.2,167.3,1844.0,639.9,2183.4,185.5,621.7,1746.7,2741.1,0,53.3,-200
0.957734,604.5,245.9,1889.6,502.7,2216.2,280.4,621.4,1747.8,2740.5,0,53.4,-200
0.959734,631.5,354.1,1905.7,408.3,2253.4,316.7,621.1,1749,2739.9,0,53.8,-200
0.961734,674.2,412.3,1944.1,377.0,2271.0,357.6,620.8,1750.2,2739.3,0,54.6,-200
0.963734,695.8,387.4,1967.0,340.5,2287.8,387.7,620.5,1751.4,2738.8,0,55.7,-200
0.965734,695.5,320.8,1970.2,304.1,2320.2,419.4,620.1,1752.6,2738.3,0,57.1,-200
0.967734,687.0,284.8,1968.7,273.3,2406.6,481.6,619.8,1753.8,2737.7,0,58.5,-200
0.969734,669.5,279.7,1959.1,270.4,2514.7,494.1,619.5,1754.9,2737.2,0,59.9,-200
0.971734,648.6,279.3,1957.8,272.8,2580.8,462.8,619.2,1756.1,2736.8,0,61.1,-200
0.973734,628.5,260.5,1967.8,259.2,2615.0,426.1,618.9,1757.2,2736.3,0,62.1,-200
0.975734,610.9,221.0,1979.3,235.1,2630.7,391.4,618.5,1758.4,2735.9,0,62.7,-200
0.977734,598.7,179.9,1986.1,216.3,2638.2,374.2,618.2,1759.5,2735.4,0,63,-200
0.979734,591.4,153.4,1990.7,210.3,2657.3,395.2,617.9,1760.6,2735,0,63,-200
0.981734,588.6,151.5,1992.4,215.7,2701.6,462.9,617.6,1761.7,2734.7,0,62.6,-200
0.983734,590.0,174.1,1987.7,222.2,2767.9,557.3,617.3,1762.7,2734.3,0,62,-200
0.985734,600.6,219.5,1983.4,226.1,2833.9,666.9,617,1763.8,2733.9,0,61.1,-200
0.987734,623.3,253.0,1990.8,231.2,2880.0,797.5,616.7,1764.8,2733.6,0,60.1,-200
0.989734,646.8,250.3,2006.4,237.9,2926.1,975.2,616.4,1765.8,2733.3,0,59.1,-200
0.991734,657.8,242.9,2017.0,247.4,2986.4,1203.0,616.2,1766.7,2732.9,0,58.1,-200
0.993734,660.9,254.9,2011.8,257.5,3066.9,1427.2,615.9,1767.7,2732.6,0,57,-200
0.995734,658.0,283.6,1978.5,256.2,3110.6,1414.4,615.6,1768.6,2732.4,0,55.9,-200
0.997734,649.4,306.6,1925.7,221.3,3056.5,1103.5,615.4,1769.4,2732.1,0,54.9,-200
0.999734,640.4,306.2,1879.8,167.3,2974.3,798.9,615.2,1770.3,2731.8,0,54,-200
1.001734,635.8,301.1,1845.3,137.0,2904.9,657.6,614.9,1771.1,2731.6,0,53.3,-200
1.003734,635.0,322.4,1803.3,122.4,2849.3,594.1,614.7,1771.8,2731.4,0,53,-200
1.005734,636.3,385.4,1753.7,105.3,2821.9,560.2,614.5,1772.6,2731.2,0,52.9,-200
1.007734,634.9,500.8,1714.7,87.4,2822.8,584.1,614.3,1773.3,2731,0,52.9,-200
1.009734,615.7,717.9,1687.6,74.2,2829.8,707.8,614.1,1773.9,2730.8,0,52.9,-200
1.011734,541.8,1062.3,1671.2,65.3,2812.5,946.8,613.9,1774.5,2730.6,0,52.9,-200
1.013734,303.4,1538.3,1662.1,57.5,2740.2,1262.0,613.8,1775.1,2730.5,0,52.7,-200
1.015734,1659.0,51.1,2654.6,1473.5,4009.2,202.9,613.6,1775.6,2730.3,0,52.4,-200
1.017734,125.8,1688.1,1660.1,48.4,2696.0,1453.3,613.5,1776.1,2730.2,0,52,-200
1.019734,482.7,1250.9,1664.0,52.2,2818.0,1299.9,613.3,1776.6,2730.1,0,51.4,-200
1.021734,579.1,1021.3,1670.6,69.1,2923.2,1211.6,613.2,1777,2730,0,50.6,-200
1.023734,630.8,1029.1,1682.7,117.2,2976.6,1288.6,613.1,1777.3,2729.9,0,49.8,-200
1.025734,685.0,1406.3,1703.2,244.7,2866.6,1692.2,613,1777.6,2729.8,0,48.9,-200
1.027734,1680.0,480.4,2139.8,1660.8,3962.2,498.4,613,1777.9,2729.8,0,48.3,-200
1.029734,1573.1,451.0,2172.5,871.8,4002.7,381.3,612.9,1778.1,2729.7,0,48,-200
1.031734,1571.2,380.2,2237.8,881.3,4039.1,270.5,612.9,1778.3,2729.7,0,48.1,-200
1.033734,743.5,1889.2,1599.1,336.8,2378.0,1022.9,612.8,1778.4,2729.6,0,48.4,-200
1.035734,825.7,1152.8,1621.4,282.1,2533.1,1070.1,612.8,1778.4,2729.6,0,48.6,-200
1.037734,829.9,892.5,1635.7,256.7,2642.7,1153.2,612.8,1778.5,2729.6,0,48.7,-200
